"package","version","declared_licence","repository_paths"
"@babel/code-frame","7.29.0","MIT","node_modules/@babel/code-frame"
"@babel/helper-validator-identifier","7.28.5","MIT","node_modules/@babel/helper-validator-identifier"
"@borewit/text-codec","0.2.2","MIT","node_modules/@borewit/text-codec"
"@cspotcode/source-map-support","0.8.1","MIT","node_modules/@cspotcode/source-map-support"
"@emnapi/runtime","1.11.3","MIT","node_modules/@emnapi/runtime"
"@img/colour","1.1.0","MIT","node_modules/@img/colour"
"@img/sharp-wasm32","0.35.4","Apache-2.0 AND LGPL-3.0-or-later AND MIT","node_modules/@img/sharp-wasm32"
"@img/sharp-win32-x64","0.35.4","Apache-2.0 AND LGPL-3.0-or-later","node_modules/@img/sharp-win32-x64"
"@ioredis/commands","1.10.0","MIT","node_modules/@ioredis/commands"
"@isaacs/cliui","8.0.2","ISC","node_modules/@isaacs/cliui"
"@jridgewell/resolve-uri","3.1.2","MIT","node_modules/@jridgewell/resolve-uri"
"@jridgewell/sourcemap-codec","1.5.5","MIT","node_modules/@jridgewell/sourcemap-codec"
"@jridgewell/trace-mapping","0.3.9","MIT","node_modules/@cspotcode/source-map-support/node_modules/@jridgewell/trace-mapping"
"@lukeed/csprng","1.1.0","MIT","node_modules/@lukeed/csprng"
"@mapbox/node-pre-gyp","1.0.11","BSD-3-Clause","node_modules/@mapbox/node-pre-gyp"
"@microsoft/tsdoc","0.15.1","MIT","node_modules/@microsoft/tsdoc"
"@msgpackr-extract/msgpackr-extract-win32-x64","3.0.4","MIT","node_modules/@msgpackr-extract/msgpackr-extract-win32-x64"
"@nestjs/common","10.4.22","MIT","node_modules/@nestjs/common"
"@nestjs/config","3.3.0","MIT","node_modules/@nestjs/config"
"@nestjs/core","10.4.22","MIT","node_modules/@nestjs/core"
"@nestjs/event-emitter","3.1.0","MIT","node_modules/@nestjs/event-emitter"
"@nestjs/jwt","10.2.0","MIT","node_modules/@nestjs/jwt"
"@nestjs/mapped-types","2.0.5","MIT","node_modules/@nestjs/swagger/node_modules/@nestjs/mapped-types"
"@nestjs/mapped-types","2.1.0","MIT","node_modules/@nestjs/mapped-types"
"@nestjs/platform-express","10.4.22","MIT","node_modules/@nestjs/platform-express"
"@nestjs/schedule","4.1.2","MIT","node_modules/@nestjs/schedule"
"@nestjs/swagger","7.4.2","MIT","node_modules/@nestjs/swagger"
"@nestjs/terminus","11.1.1","MIT","node_modules/@nestjs/terminus"
"@nestjs/throttler","6.5.0","MIT","node_modules/@nestjs/throttler"
"@nestjs/typeorm","10.0.2","MIT","node_modules/@nestjs/typeorm"
"@nuxtjs/opencollective","0.3.2","MIT","node_modules/@nuxtjs/opencollective"
"@patrol/customer-portal","0.1.0","[missing]","node_modules/@patrol/customer-portal"
"@patrol/license-api","0.1.0","[missing]","node_modules/@patrol/license-api"
"@patrol/license-core","0.1.0","UNLICENSED","node_modules/@patrol/license-core"
"@patrol/license-portal","0.1.0","[missing]","node_modules/@patrol/license-portal"
"@pkgjs/parseargs","0.11.0","MIT","node_modules/@pkgjs/parseargs"
"@prisma/client","5.22.0","Apache-2.0","node_modules/@prisma/client"
"@prisma/debug","5.22.0","Apache-2.0","node_modules/@prisma/debug"
"@prisma/engines-version","5.22.0-44.605197351a3c8bdd595af2d2a9bc3025bca48ea2","Apache-2.0","node_modules/@prisma/engines-version"
"@prisma/engines","5.22.0","Apache-2.0","node_modules/@prisma/engines"
"@prisma/fetch-engine","5.22.0","Apache-2.0","node_modules/@prisma/fetch-engine"
"@prisma/get-platform","5.22.0","Apache-2.0","node_modules/@prisma/get-platform"
"@puppeteer/browsers","2.13.0","Apache-2.0","node_modules/@puppeteer/browsers"
"@remix-run/router","1.23.3","MIT","node_modules/@remix-run/router"
"@sqltools/formatter","1.2.5","MIT","node_modules/@sqltools/formatter"
"@tokenizer/inflate","0.2.7","MIT","node_modules/@tokenizer/inflate"
"@tokenizer/token","0.3.0","MIT","node_modules/@tokenizer/token"
"@tootallnate/quickjs-emscripten","0.23.0","MIT","node_modules/@tootallnate/quickjs-emscripten"
"@tsconfig/node10","1.0.12","MIT","node_modules/@tsconfig/node10"
"@tsconfig/node12","1.0.11","MIT","node_modules/@tsconfig/node12"
"@tsconfig/node14","1.0.3","MIT","node_modules/@tsconfig/node14"
"@tsconfig/node16","1.0.4","MIT","node_modules/@tsconfig/node16"
"@types/jsonwebtoken","9.0.5","MIT","node_modules/@types/jsonwebtoken"
"@types/luxon","3.4.2","MIT","node_modules/@types/luxon"
"@types/node","20.19.37","MIT","node_modules/@types/node"
"@types/validator","13.15.10","MIT","node_modules/@types/validator"
"@types/yauzl","2.10.3","MIT","node_modules/@types/yauzl"
"abbrev","1.1.1","ISC","node_modules/abbrev"
"abort-controller","3.0.0","MIT","node_modules/abort-controller"
"accepts","1.3.8","MIT","node_modules/accepts"
"acorn-walk","8.3.5","MIT","node_modules/acorn-walk"
"acorn","8.16.0","MIT","node_modules/acorn"
"agent-base","6.0.2","MIT","node_modules/agent-base"
"agent-base","7.1.4","MIT","node_modules/http-proxy-agent/node_modules/agent-base | node_modules/pac-proxy-agent/node_modules/agent-base | node_modules/proxy-agent/node_modules/agent-base | node_modules/socks-proxy-agent/node_modules/agent-base"
"ansi-align","3.0.1","ISC","node_modules/ansi-align"
"ansi-regex","5.0.1","MIT","node_modules/ansi-regex"
"ansi-regex","6.2.2","MIT","node_modules/@isaacs/cliui/node_modules/ansi-regex"
"ansi-styles","4.3.0","MIT","node_modules/ansi-styles"
"ansi-styles","6.2.3","MIT","node_modules/@isaacs/cliui/node_modules/ansi-styles"
"ansis","4.2.0","ISC","node_modules/ansis"
"app-root-path","3.1.0","MIT","node_modules/app-root-path"
"append-field","1.0.0","MIT","node_modules/append-field"
"aproba","2.1.0","ISC","node_modules/aproba"
"archiver-utils","5.0.2","MIT","node_modules/archiver-utils"
"archiver","7.0.1","MIT","node_modules/archiver"
"are-we-there-yet","2.0.0","ISC","node_modules/are-we-there-yet"
"arg","4.1.3","MIT","node_modules/arg"
"argparse","2.0.1","Python-2.0","node_modules/argparse"
"array-flatten","1.1.1","MIT","node_modules/array-flatten"
"ast-types","0.13.4","MIT","node_modules/ast-types"
"async","0.2.10","MIT","node_modules/fluent-ffmpeg/node_modules/async"
"async","3.2.6","MIT","node_modules/async"
"available-typed-arrays","1.0.7","MIT","node_modules/available-typed-arrays"
"b4a","1.8.1","Apache-2.0","node_modules/b4a"
"balanced-match","1.0.2","MIT","node_modules/balanced-match"
"bare-events","2.8.3","Apache-2.0","node_modules/bare-events"
"bare-fs","4.7.1","Apache-2.0","node_modules/bare-fs"
"bare-os","3.9.1","Apache-2.0","node_modules/bare-os"
"bare-path","3.0.0","Apache-2.0","node_modules/bare-path"
"bare-stream","2.13.1","Apache-2.0","node_modules/bare-stream"
"bare-url","2.4.3","Apache-2.0","node_modules/bare-url"
"base64-js","1.5.1","MIT","node_modules/base64-js"
"basic-ftp","5.3.1","MIT","node_modules/basic-ftp"
"bcrypt","5.1.1","MIT","node_modules/bcrypt"
"better-sqlite3","12.9.0","MIT","node_modules/better-sqlite3"
"bindings","1.5.0","MIT","node_modules/bindings"
"bl","4.1.0","MIT","node_modules/bl"
"bluebird","3.7.2","MIT","node_modules/bluebird"
"body-parser","1.20.4","MIT","node_modules/body-parser"
"boxen","5.1.2","MIT","node_modules/boxen"
"brace-expansion","1.1.12","MIT","node_modules/brace-expansion"
"brace-expansion","2.0.2","MIT","node_modules/glob/node_modules/brace-expansion | node_modules/typeorm/node_modules/brace-expansion"
"brace-expansion","2.1.0","MIT","node_modules/readdir-glob/node_modules/brace-expansion"
"buffer-crc32","0.2.13","MIT","node_modules/buffer-crc32"
"buffer-crc32","1.0.0","MIT","node_modules/archiver/node_modules/buffer-crc32"
"buffer-equal-constant-time","1.0.1","BSD-3-Clause","node_modules/buffer-equal-constant-time"
"buffer-from","1.1.2","MIT","node_modules/buffer-from"
"buffer","5.7.1","MIT","node_modules/buffer"
"buffer","6.0.3","MIT","node_modules/archiver-utils/node_modules/buffer | node_modules/archiver/node_modules/buffer | node_modules/compress-commons/node_modules/buffer | node_modules/crc32-stream/node_modules/buffer | node_modules/typeorm/node_modules/buffer | node_modules/zip-stream/node_modules/buffer"
"bullmq","5.80.10","MIT","node_modules/bullmq"
"busboy","1.6.0","MIT","node_modules/busboy"
"bytes","3.1.2","MIT","node_modules/bytes"
"call-bind-apply-helpers","1.0.2","MIT","node_modules/call-bind-apply-helpers"
"call-bind","1.0.8","MIT","node_modules/call-bind"
"call-bound","1.0.4","MIT","node_modules/call-bound"
"callsites","3.1.0","MIT","node_modules/callsites"
"camelcase","6.3.0","MIT","node_modules/boxen/node_modules/camelcase"
"chalk","4.1.2","MIT","node_modules/chalk"
"check-disk-space","3.4.0","MIT","node_modules/check-disk-space"
"chownr","1.1.4","ISC","node_modules/prebuild-install/node_modules/chownr"
"chownr","2.0.0","ISC","node_modules/chownr"
"chromium-bidi","14.0.0","Apache-2.0","node_modules/chromium-bidi"
"class-transformer","0.5.1","MIT","node_modules/class-transformer"
"class-validator","0.14.4","MIT","node_modules/class-validator"
"cli-boxes","2.2.1","MIT","node_modules/cli-boxes"
"cliui","8.0.1","ISC","node_modules/cliui"
"cluster-key-slot","1.1.1","Apache-2.0","node_modules/cluster-key-slot"
"color-convert","2.0.1","MIT","node_modules/color-convert"
"color-name","1.1.4","MIT","node_modules/color-name"
"color-support","1.1.3","ISC","node_modules/color-support"
"compress-commons","6.0.2","MIT","node_modules/compress-commons"
"concat-map","0.0.1","MIT","node_modules/concat-map"
"concat-stream","2.0.0","MIT","node_modules/concat-stream"
"consola","2.15.3","MIT","node_modules/consola"
"console-control-strings","1.1.0","ISC","node_modules/console-control-strings"
"content-disposition","0.5.4","MIT","node_modules/content-disposition"
"content-type","1.0.5","MIT","node_modules/content-type"
"cookie-signature","1.0.7","MIT","node_modules/cookie-signature"
"cookie","0.7.2","MIT","node_modules/cookie"
"core-util-is","1.0.3","MIT","node_modules/core-util-is"
"cors","2.8.5","MIT","node_modules/cors"
"cosmiconfig","9.0.1","MIT","node_modules/puppeteer/node_modules/cosmiconfig"
"crc-32","1.2.2","Apache-2.0","node_modules/crc-32"
"crc32-stream","6.0.0","MIT","node_modules/crc32-stream"
"create-require","1.1.1","MIT","node_modules/create-require"
"cron-parser","4.9.0","MIT","node_modules/cron-parser"
"cron","3.2.1","MIT","node_modules/cron"
"cross-spawn","7.0.6","MIT","node_modules/cross-spawn"
"data-uri-to-buffer","6.0.2","MIT","node_modules/data-uri-to-buffer"
"dayjs","1.11.20","MIT","node_modules/dayjs"
"debug","2.6.9","MIT","node_modules/debug"
"debug","4.4.3","MIT","node_modules/@puppeteer/browsers/node_modules/debug | node_modules/@tokenizer/inflate/node_modules/debug | node_modules/agent-base/node_modules/debug | node_modules/extract-zip/node_modules/debug | node_modules/get-uri/node_modules/debug | node_modules/http-proxy-agent/node_modules/debug | node_modules/https-proxy-agent/node_modules/debug | node_modules/ioredis/node_modules/debug | node_modules/pac-proxy-agent/node_modules/debug | node_modules/proxy-agent/node_modules/debug | node_modules/puppeteer-core/node_modules/debug | node_modules/socks-proxy-agent/node_modules/debug | node_modules/typeorm/node_modules/debug"
"decompress-response","6.0.0","MIT","node_modules/decompress-response"
"dedent","1.7.2","MIT","node_modules/dedent"
"deep-extend","0.6.0","MIT","node_modules/deep-extend"
"define-data-property","1.1.4","MIT","node_modules/define-data-property"
"degenerator","5.0.1","MIT","node_modules/degenerator"
"delegates","1.0.0","MIT","node_modules/delegates"
"denque","2.1.0","Apache-2.0","node_modules/denque"
"depd","2.0.0","MIT","node_modules/depd"
"destroy","1.2.0","MIT","node_modules/destroy"
"detect-libc","2.1.2","Apache-2.0","node_modules/detect-libc"
"devtools-protocol","0.0.1581282","BSD-3-Clause","node_modules/devtools-protocol"
"diff","4.0.4","BSD-3-Clause","node_modules/diff"
"dotenv-expand","10.0.0","BSD-2-Clause","node_modules/dotenv-expand"
"dotenv","16.4.5","BSD-2-Clause","node_modules/dotenv"
"dotenv","16.6.1","BSD-2-Clause","node_modules/typeorm/node_modules/dotenv"
"dunder-proto","1.0.1","MIT","node_modules/dunder-proto"
"duplexer2","0.1.4","BSD-3-Clause","node_modules/duplexer2"
"eastasianwidth","0.2.0","MIT","node_modules/eastasianwidth"
"ecdsa-sig-formatter","1.0.11","Apache-2.0","node_modules/ecdsa-sig-formatter"
"ee-first","1.1.1","MIT","node_modules/ee-first"
"emoji-regex","8.0.0","MIT","node_modules/emoji-regex"
"emoji-regex","9.2.2","MIT","node_modules/@isaacs/cliui/node_modules/emoji-regex"
"encodeurl","2.0.0","MIT","node_modules/encodeurl"
"encoding","0.1.13","MIT","node_modules/encoding"
"end-of-stream","1.4.5","MIT","node_modules/end-of-stream"
"env-paths","2.2.1","MIT","node_modules/env-paths"
"error-ex","1.3.4","MIT","node_modules/error-ex"
"es-define-property","1.0.1","MIT","node_modules/es-define-property"
"es-errors","1.3.0","MIT","node_modules/es-errors"
"es-object-atoms","1.1.1","MIT","node_modules/es-object-atoms"
"escalade","3.2.0","MIT","node_modules/escalade"
"escape-html","1.0.3","MIT","node_modules/escape-html"
"escodegen","2.1.0","BSD-2-Clause","node_modules/escodegen"
"esprima","4.0.1","BSD-2-Clause","node_modules/esprima"
"estraverse","5.3.0","BSD-2-Clause","node_modules/estraverse"
"esutils","2.0.3","BSD-2-Clause","node_modules/esutils"
"etag","1.8.1","MIT","node_modules/etag"
"event-target-shim","5.0.1","MIT","node_modules/event-target-shim"
"eventemitter2","6.4.9","MIT","node_modules/eventemitter2"
"events-universal","1.0.1","Apache-2.0","node_modules/events-universal"
"events","3.3.0","MIT","node_modules/events"
"expand-template","2.0.3","(MIT OR WTFPL)","node_modules/expand-template"
"express","4.22.1","MIT","node_modules/express"
"extract-zip","2.0.1","BSD-2-Clause","node_modules/extract-zip"
"fast-fifo","1.3.2","MIT","node_modules/fast-fifo"
"fast-safe-stringify","2.1.1","MIT","node_modules/fast-safe-stringify"
"fd-slicer","1.1.0","MIT","node_modules/fd-slicer"
"fflate","0.8.2","MIT","node_modules/fflate"
"file-type","20.4.1","MIT","node_modules/file-type"
"file-uri-to-path","1.0.0","MIT","node_modules/file-uri-to-path"
"finalhandler","1.3.2","MIT","node_modules/finalhandler"
"fluent-ffmpeg","2.1.3","MIT","node_modules/fluent-ffmpeg"
"for-each","0.3.5","MIT","node_modules/for-each"
"foreground-child","3.3.1","ISC","node_modules/foreground-child"
"forwarded","0.2.0","MIT","node_modules/forwarded"
"fresh","0.5.2","MIT","node_modules/fresh"
"fs-constants","1.0.0","MIT","node_modules/fs-constants"
"fs-extra","11.3.4","MIT","node_modules/whatsapp-web.js/node_modules/fs-extra"
"fs-extra","11.3.5","MIT","node_modules/unzipper/node_modules/fs-extra"
"fs-minipass","2.1.0","ISC","node_modules/fs-minipass"
"fs.realpath","1.0.0","ISC","node_modules/fs.realpath"
"function-bind","1.1.2","MIT","node_modules/function-bind"
"gauge","3.0.2","ISC","node_modules/gauge"
"get-caller-file","2.0.5","ISC","node_modules/get-caller-file"
"get-intrinsic","1.3.0","MIT","node_modules/get-intrinsic"
"get-proto","1.0.1","MIT","node_modules/get-proto"
"get-stream","5.2.0","MIT","node_modules/extract-zip/node_modules/get-stream"
"get-uri","6.0.5","MIT","node_modules/get-uri"
"github-from-package","0.0.0","MIT","node_modules/github-from-package"
"glob","10.4.5","ISC","node_modules/glob"
"glob","10.5.0","ISC","node_modules/typeorm/node_modules/glob"
"glob","7.2.3","ISC","node_modules/rimraf/node_modules/glob"
"gopd","1.2.0","MIT","node_modules/gopd"
"graceful-fs","4.2.11","ISC","node_modules/graceful-fs"
"has-flag","4.0.0","MIT","node_modules/has-flag"
"has-property-descriptors","1.0.2","MIT","node_modules/has-property-descriptors"
"has-symbols","1.1.0","MIT","node_modules/has-symbols"
"has-tostringtag","1.0.2","MIT","node_modules/has-tostringtag"
"has-unicode","2.0.1","ISC","node_modules/has-unicode"
"hasown","2.0.2","MIT","node_modules/hasown"
"helmet","8.3.0","MIT","node_modules/helmet"
"http-errors","2.0.1","MIT","node_modules/http-errors"
"http-proxy-agent","7.0.2","MIT","node_modules/http-proxy-agent"
"https-proxy-agent","5.0.1","MIT","node_modules/https-proxy-agent"
"https-proxy-agent","7.0.6","MIT","node_modules/pac-proxy-agent/node_modules/https-proxy-agent | node_modules/proxy-agent/node_modules/https-proxy-agent"
"iconv-lite","0.4.24","MIT","node_modules/iconv-lite"
"iconv-lite","0.6.3","MIT","node_modules/encoding/node_modules/iconv-lite"
"ieee754","1.2.1","BSD-3-Clause","node_modules/ieee754"
"import-fresh","3.3.1","MIT","node_modules/import-fresh"
"inflight","1.0.6","ISC","node_modules/inflight"
"inherits","2.0.4","ISC","node_modules/inherits"
"ini","1.3.8","ISC","node_modules/rc/node_modules/ini"
"ioredis","5.11.1","MIT","node_modules/ioredis"
"ip-address","10.1.0","MIT","node_modules/ip-address"
"ipaddr.js","1.9.1","MIT","node_modules/ipaddr.js"
"is-arrayish","0.2.1","MIT","node_modules/is-arrayish"
"is-callable","1.2.7","MIT","node_modules/is-callable"
"is-fullwidth-code-point","3.0.0","MIT","node_modules/is-fullwidth-code-point"
"is-stream","2.0.1","MIT","node_modules/is-stream"
"is-typed-array","1.1.15","MIT","node_modules/is-typed-array"
"isarray","1.0.0","MIT","node_modules/duplexer2/node_modules/isarray | node_modules/lazystream/node_modules/isarray"
"isarray","2.0.5","MIT","node_modules/isarray"
"isexe","2.0.0","ISC","node_modules/isexe"
"iterare","1.2.1","ISC","node_modules/iterare"
"jackspeak","3.4.3","BlueOak-1.0.0","node_modules/jackspeak"
"js-tokens","4.0.0","MIT","node_modules/js-tokens"
"js-yaml","4.1.0","MIT","node_modules/@nestjs/swagger/node_modules/js-yaml"
"js-yaml","4.1.1","MIT","node_modules/js-yaml"
"json-parse-even-better-errors","2.3.1","MIT","node_modules/json-parse-even-better-errors"
"jsonfile","6.2.0","MIT","node_modules/jsonfile"
"jsonwebtoken","9.0.2","MIT","node_modules/jsonwebtoken"
"jwa","1.4.2","MIT","node_modules/jwa"
"jws","3.2.3","MIT","node_modules/jws"
"lazystream","1.0.1","MIT","node_modules/lazystream"
"libphonenumber-js","1.12.40","MIT","node_modules/libphonenumber-js"
"lines-and-columns","1.2.4","MIT","node_modules/lines-and-columns"
"lodash.includes","4.3.0","MIT","node_modules/lodash.includes"
"lodash.isboolean","3.0.3","MIT","node_modules/lodash.isboolean"
"lodash.isinteger","4.0.4","MIT","node_modules/lodash.isinteger"
"lodash.isnumber","3.0.3","MIT","node_modules/lodash.isnumber"
"lodash.isplainobject","4.0.6","MIT","node_modules/lodash.isplainobject"
"lodash.isstring","4.0.1","MIT","node_modules/lodash.isstring"
"lodash.once","4.1.1","MIT","node_modules/lodash.once"
"lodash","4.17.21","MIT","node_modules/lodash"
"loose-envify","1.4.0","MIT","node_modules/loose-envify"
"lru-cache","10.4.3","ISC","node_modules/path-scurry/node_modules/lru-cache"
"lru-cache","7.18.3","ISC","node_modules/proxy-agent/node_modules/lru-cache"
"luxon","3.5.0","MIT","node_modules/luxon"
"make-dir","3.1.0","MIT","node_modules/@mapbox/node-pre-gyp/node_modules/make-dir"
"make-error","1.3.6","ISC","node_modules/make-error"
"math-intrinsics","1.1.0","MIT","node_modules/math-intrinsics"
"media-typer","0.3.0","MIT","node_modules/media-typer"
"merge-descriptors","1.0.3","MIT","node_modules/merge-descriptors"
"methods","1.1.2","MIT","node_modules/methods"
"mime-db","1.52.0","MIT","node_modules/mime-db"
"mime-types","2.1.35","MIT","node_modules/mime-types"
"mime","1.6.0","MIT","node_modules/mime"
"mime","3.0.0","MIT","node_modules/whatsapp-web.js/node_modules/mime"
"mimic-response","3.1.0","MIT","node_modules/decompress-response/node_modules/mimic-response"
"minimatch","3.1.5","ISC","node_modules/minimatch"
"minimatch","5.1.9","ISC","node_modules/readdir-glob/node_modules/minimatch"
"minimatch","9.0.9","ISC","node_modules/glob/node_modules/minimatch | node_modules/typeorm/node_modules/minimatch"
"minimist","1.2.8","MIT","node_modules/minimist"
"minipass","3.3.6","ISC","node_modules/fs-minipass/node_modules/minipass | node_modules/minizlib/node_modules/minipass"
"minipass","5.0.0","ISC","node_modules/tar/node_modules/minipass"
"minipass","7.1.3","BlueOak-1.0.0","node_modules/minipass"
"minizlib","2.1.2","MIT","node_modules/minizlib"
"mitt","3.0.1","MIT","node_modules/mitt"
"mkdirp-classic","0.5.3","MIT","node_modules/mkdirp-classic"
"mkdirp","1.0.4","MIT","node_modules/tar/node_modules/mkdirp"
"ms","2.0.0","MIT","node_modules/ms"
"ms","2.1.3","MIT","node_modules/@puppeteer/browsers/node_modules/ms | node_modules/@tokenizer/inflate/node_modules/ms | node_modules/agent-base/node_modules/ms | node_modules/extract-zip/node_modules/ms | node_modules/get-uri/node_modules/ms | node_modules/http-proxy-agent/node_modules/ms | node_modules/https-proxy-agent/node_modules/ms | node_modules/ioredis/node_modules/ms | node_modules/jsonwebtoken/node_modules/ms | node_modules/pac-proxy-agent/node_modules/ms | node_modules/proxy-agent/node_modules/ms | node_modules/puppeteer-core/node_modules/ms | node_modules/send/node_modules/ms | node_modules/socks-proxy-agent/node_modules/ms | node_modules/typeorm/node_modules/ms"
"msgpackr-extract","3.0.4","MIT","node_modules/msgpackr-extract"
"msgpackr","2.0.4","MIT","node_modules/msgpackr"
"multer","2.3.0","MIT","node_modules/multer"
"napi-build-utils","2.0.0","MIT","node_modules/napi-build-utils"
"negotiator","0.6.3","MIT","node_modules/negotiator"
"netmask","2.1.1","MIT","node_modules/netmask"
"node-abi","3.89.0","MIT","node_modules/node-abi"
"node-abort-controller","3.1.1","MIT","node_modules/node-abort-controller"
"node-addon-api","5.1.0","MIT","node_modules/node-addon-api"
"node-fetch","2.7.0","MIT","node_modules/node-fetch"
"node-gyp-build-optional-packages","5.2.2","MIT","node_modules/node-gyp-build-optional-packages"
"node-int64","0.4.0","MIT","node_modules/node-int64"
"node-webpmux","3.2.1","LGPL-3.0-or-later","node_modules/node-webpmux"
"nodemailer","6.10.1","MIT-0","node_modules/nodemailer"
"nopt","5.0.0","ISC","node_modules/@mapbox/node-pre-gyp/node_modules/nopt"
"normalize-path","3.0.0","MIT","node_modules/normalize-path"
"npmlog","5.0.1","ISC","node_modules/npmlog"
"object-assign","4.1.1","MIT","node_modules/object-assign"
"object-inspect","1.13.4","MIT","node_modules/object-inspect"
"on-finished","2.4.1","MIT","node_modules/on-finished"
"once","1.4.0","ISC","node_modules/once"
"pac-proxy-agent","7.2.0","MIT","node_modules/pac-proxy-agent"
"pac-resolver","7.0.1","MIT","node_modules/pac-resolver"
"package-json-from-dist","1.0.1","BlueOak-1.0.0","node_modules/package-json-from-dist"
"parent-module","1.0.1","MIT","node_modules/parent-module"
"parse-json","5.2.0","MIT","node_modules/parse-json"
"parseurl","1.3.3","MIT","node_modules/parseurl"
"path-is-absolute","1.0.1","MIT","node_modules/path-is-absolute"
"path-key","3.1.1","MIT","node_modules/path-key"
"path-scurry","1.11.1","BlueOak-1.0.0","node_modules/path-scurry"
"path-to-regexp","0.1.13","MIT","node_modules/express/node_modules/path-to-regexp"
"path-to-regexp","3.3.0","MIT","node_modules/path-to-regexp"
"patrol-evidence-web","1.0.1","[missing]","node_modules/patrol-evidence-web"
"pend","1.2.0","MIT","node_modules/pend"
"pg-cloudflare","1.3.0","MIT","node_modules/pg-cloudflare"
"pg-connection-string","2.12.0","MIT","node_modules/pg-connection-string"
"pg-int8","1.0.1","ISC","node_modules/pg-int8"
"pg-pool","3.13.0","MIT","node_modules/pg-pool"
"pg-protocol","1.13.0","MIT","node_modules/pg-protocol"
"pg-types","2.2.0","MIT","node_modules/pg-types"
"pg","8.20.0","MIT","node_modules/pg"
"pgpass","1.0.5","MIT","node_modules/pgpass"
"picocolors","1.1.1","ISC","node_modules/picocolors"
"possible-typed-array-names","1.1.0","MIT","node_modules/possible-typed-array-names"
"postgres-array","2.0.0","MIT","node_modules/postgres-array"
"postgres-bytea","1.0.1","MIT","node_modules/postgres-bytea"
"postgres-date","1.0.7","MIT","node_modules/postgres-date"
"postgres-interval","1.2.0","MIT","node_modules/postgres-interval"
"prebuild-install","7.1.3","MIT","node_modules/prebuild-install"
"prisma","5.22.0","Apache-2.0","node_modules/prisma"
"process-nextick-args","2.0.1","MIT","node_modules/process-nextick-args"
"process","0.11.10","MIT","node_modules/process"
"progress","2.0.3","MIT","node_modules/progress"
"prop-types","15.8.1","MIT","node_modules/prop-types"
"proxy-addr","2.0.7","MIT","node_modules/proxy-addr"
"proxy-agent","6.5.0","MIT","node_modules/proxy-agent"
"proxy-from-env","1.1.0","MIT","node_modules/proxy-from-env"
"pump","3.0.4","MIT","node_modules/pump"
"puppeteer-core","24.38.0","Apache-2.0","node_modules/puppeteer-core"
"puppeteer","24.38.0","Apache-2.0","node_modules/puppeteer"
"qrcode-generator","2.0.4","MIT","node_modules/qrcode-generator"
"qrcode-terminal","0.12.0","Apache 2.0","node_modules/qrcode-terminal"
"qs","6.14.2","BSD-3-Clause","node_modules/qs"
"range-parser","1.2.1","MIT","node_modules/range-parser"
"raw-body","2.5.3","MIT","node_modules/raw-body"
"rc","1.2.8","(BSD-2-Clause OR MIT OR Apache-2.0)","node_modules/rc"
"react-dom","18.3.1","MIT","node_modules/react-dom"
"react-is","16.13.1","MIT","node_modules/prop-types/node_modules/react-is"
"react-qr-code","2.2.0","MIT","node_modules/react-qr-code"
"react-router-dom","6.30.4","MIT","node_modules/react-router-dom"
"react-router","6.30.4","MIT","node_modules/react-router"
"react","18.3.1","MIT","node_modules/react"
"readable-stream","2.3.8","MIT","node_modules/duplexer2/node_modules/readable-stream | node_modules/lazystream/node_modules/readable-stream"
"readable-stream","3.6.2","MIT","node_modules/readable-stream"
"readable-stream","4.7.0","MIT","node_modules/archiver-utils/node_modules/readable-stream | node_modules/archiver/node_modules/readable-stream | node_modules/compress-commons/node_modules/readable-stream | node_modules/crc32-stream/node_modules/readable-stream | node_modules/zip-stream/node_modules/readable-stream"
"readdir-glob","1.1.3","Apache-2.0","node_modules/readdir-glob"
"redis-errors","1.2.0","MIT","node_modules/redis-errors"
"redis-parser","3.0.0","MIT","node_modules/redis-parser"
"reflect-metadata","0.2.2","Apache-2.0","node_modules/reflect-metadata"
"require-directory","2.1.1","MIT","node_modules/require-directory"
"resolve-from","4.0.0","MIT","node_modules/resolve-from"
"rimraf","3.0.2","ISC","node_modules/rimraf"
"rxjs","7.8.2","Apache-2.0","node_modules/rxjs"
"safe-buffer","5.1.2","MIT","node_modules/duplexer2/node_modules/safe-buffer | node_modules/lazystream/node_modules/safe-buffer"
"safe-buffer","5.2.1","MIT","node_modules/safe-buffer"
"safer-buffer","2.1.2","MIT","node_modules/safer-buffer"
"scheduler","0.23.2","MIT","node_modules/scheduler"
"semver","6.3.1","ISC","node_modules/@mapbox/node-pre-gyp/node_modules/make-dir/node_modules/semver"
"semver","7.8.5","ISC","node_modules/semver"
"send","0.19.2","MIT","node_modules/send"
"serve-static","1.16.3","MIT","node_modules/serve-static"
"set-blocking","2.0.0","ISC","node_modules/set-blocking"
"set-function-length","1.2.2","MIT","node_modules/set-function-length"
"setprototypeof","1.2.0","ISC","node_modules/setprototypeof"
"sha.js","2.4.12","(MIT AND BSD-3-Clause)","node_modules/sha.js"
"sharp","0.35.4","Apache-2.0","node_modules/sharp"
"shebang-command","2.0.0","MIT","node_modules/shebang-command"
"shebang-regex","3.0.0","MIT","node_modules/shebang-regex"
"side-channel-list","1.0.0","MIT","node_modules/side-channel-list"
"side-channel-map","1.0.1","MIT","node_modules/side-channel-map"
"side-channel-weakmap","1.0.2","MIT","node_modules/side-channel-weakmap"
"side-channel","1.1.0","MIT","node_modules/side-channel"
"signal-exit","3.0.7","ISC","node_modules/gauge/node_modules/signal-exit"
"signal-exit","4.1.0","ISC","node_modules/signal-exit"
"simple-concat","1.0.1","MIT","node_modules/simple-concat"
"simple-get","4.0.1","MIT","node_modules/simple-get"
"smart-buffer","4.2.0","MIT","node_modules/smart-buffer"
"socks-proxy-agent","8.0.5","MIT","node_modules/socks-proxy-agent"
"socks","2.8.7","MIT","node_modules/socks"
"source-map","0.6.1","BSD-3-Clause","node_modules/escodegen/node_modules/source-map"
"split2","4.2.0","ISC","node_modules/split2"
"sql-highlight","6.1.0","MIT","node_modules/sql-highlight"
"standard-as-callback","2.1.0","MIT","node_modules/standard-as-callback"
"statuses","2.0.2","MIT","node_modules/statuses"
"streamsearch","1.1.0","MIT","node_modules/streamsearch"
"streamx","2.25.0","MIT","node_modules/streamx"
"string_decoder","1.1.1","MIT","node_modules/duplexer2/node_modules/string_decoder | node_modules/lazystream/node_modules/string_decoder"
"string_decoder","1.3.0","MIT","node_modules/string_decoder"
"string-width","4.2.3","MIT","node_modules/string-width | node_modules/string-width-cjs"
"string-width","5.1.2","MIT","node_modules/@isaacs/cliui/node_modules/string-width"
"strip-ansi","6.0.1","MIT","node_modules/strip-ansi | node_modules/strip-ansi-cjs"
"strip-ansi","7.2.0","MIT","node_modules/@isaacs/cliui/node_modules/strip-ansi"
"strip-json-comments","2.0.1","MIT","node_modules/rc/node_modules/strip-json-comments"
"stripe","17.7.0","MIT","node_modules/stripe"
"strtok3","10.3.4","MIT","node_modules/strtok3"
"supports-color","7.2.0","MIT","node_modules/supports-color"
"swagger-ui-dist","5.17.14","Apache-2.0","node_modules/swagger-ui-dist"
"tar-fs","2.1.4","MIT","node_modules/prebuild-install/node_modules/tar-fs"
"tar-fs","3.1.2","MIT","node_modules/tar-fs"
"tar-stream","2.2.0","MIT","node_modules/tar-stream"
"tar-stream","3.2.0","MIT","node_modules/archiver/node_modules/tar-stream | node_modules/tar-fs/node_modules/tar-stream"
"tar","6.2.1","ISC","node_modules/tar"
"teex","1.0.1","MIT","node_modules/teex"
"text-decoder","1.2.7","Apache-2.0","node_modules/text-decoder"
"to-buffer","1.2.2","MIT","node_modules/to-buffer"
"toidentifier","1.0.1","MIT","node_modules/toidentifier"
"token-types","6.1.2","MIT","node_modules/token-types"
"tr46","0.0.3","MIT","node_modules/tr46"
"ts-node","10.9.2","MIT","node_modules/ts-node"
"tslib","2.8.1","0BSD","node_modules/tslib"
"tunnel-agent","0.6.0","Apache-2.0","node_modules/tunnel-agent"
"type-fest","0.20.2","(MIT OR CC0-1.0)","node_modules/type-fest"
"type-is","1.6.18","MIT","node_modules/type-is"
"typed-array-buffer","1.0.3","MIT","node_modules/typed-array-buffer"
"typed-query-selector","2.12.2","MIT","node_modules/typed-query-selector"
"typedarray","0.0.6","MIT","node_modules/typedarray"
"typeorm","0.3.28","MIT","node_modules/typeorm"
"typescript","5.9.3","Apache-2.0","node_modules/typescript"
"uid","2.0.2","MIT","node_modules/uid"
"uint8array-extras","1.5.0","MIT","node_modules/uint8array-extras"
"undici-types","6.21.0","MIT","node_modules/undici-types"
"universalify","2.0.1","MIT","node_modules/universalify"
"unpipe","1.0.0","MIT","node_modules/unpipe"
"unzipper","0.12.3","MIT","node_modules/unzipper"
"util-deprecate","1.0.2","MIT","node_modules/util-deprecate"
"utils-merge","1.0.1","MIT","node_modules/utils-merge"
"uuid","11.0.3","MIT","node_modules/uuid"
"uuid","11.1.0","MIT","node_modules/typeorm/node_modules/uuid"
"uuid","9.0.1","MIT","node_modules/@nestjs/typeorm/node_modules/uuid"
"v8-compile-cache-lib","3.0.1","MIT","node_modules/v8-compile-cache-lib"
"validator","13.15.26","MIT","node_modules/validator"
"vary","1.1.2","MIT","node_modules/vary"
"webdriver-bidi-protocol","0.4.1","Apache-2.0","node_modules/webdriver-bidi-protocol"
"webidl-conversions","3.0.1","BSD-2-Clause","node_modules/webidl-conversions"
"whatsapp-web.js","1.34.7","Apache-2.0","node_modules/whatsapp-web.js"
"whatwg-url","5.0.0","MIT","node_modules/whatwg-url"
"which-typed-array","1.1.20","MIT","node_modules/which-typed-array"
"which","1.3.1","ISC","node_modules/fluent-ffmpeg/node_modules/which"
"which","2.0.2","ISC","node_modules/which"
"wide-align","1.1.5","ISC","node_modules/wide-align"
"widest-line","3.1.0","MIT","node_modules/widest-line"
"wrap-ansi","7.0.0","MIT","node_modules/boxen/node_modules/wrap-ansi | node_modules/cliui/node_modules/wrap-ansi | node_modules/wrap-ansi-cjs"
"wrap-ansi","8.1.0","MIT","node_modules/@isaacs/cliui/node_modules/wrap-ansi"
"wrappy","1.0.2","ISC","node_modules/wrappy"
"ws","8.20.1","MIT","node_modules/ws"
"xtend","4.0.2","MIT","node_modules/xtend"
"y18n","5.0.8","ISC","node_modules/y18n"
"yallist","4.0.0","ISC","node_modules/fs-minipass/node_modules/yallist | node_modules/minizlib/node_modules/yallist | node_modules/tar/node_modules/yallist"
"yargs-parser","21.1.1","ISC","node_modules/yargs-parser"
"yargs","17.7.2","MIT","node_modules/yargs"
"yauzl","2.10.0","MIT","node_modules/yauzl"
"yn","3.1.1","MIT","node_modules/yn"
"zip-stream","6.0.1","MIT","node_modules/zip-stream"
"zod","3.25.76","MIT","node_modules/zod"
