"package","version","declared_licence","technical_review","licence_files","licence_file_sha256","packaged_paths","repository","homepage"
"@babel/code-frame","7.29.0","MIT","METADATA_RECORDED","LICENSE","LICENSE:117DA2AF0D4CE0FE1C8E19B5CFF9DCD806ADF973D328D27B11D4448C4FF24F76","node_modules/@babel/code-frame","https://github.com/babel/babel.git","https://babel.dev/docs/en/next/babel-code-frame"
"@babel/helper-validator-identifier","7.28.5","MIT","METADATA_RECORDED","LICENSE","LICENSE:117DA2AF0D4CE0FE1C8E19B5CFF9DCD806ADF973D328D27B11D4448C4FF24F76","node_modules/@babel/helper-validator-identifier","https://github.com/babel/babel.git",""
"@borewit/text-codec","0.2.2","MIT","METADATA_RECORDED","LICENSE.txt","LICENSE.txt:5B3AF80F317313A8B8C227B0C8BFFAE67728CFEC1786137B0553E625F2AFFEC9","node_modules/@borewit/text-codec","git+https://github.com/Borewit/text-codec.git",""
"@img/colour","1.1.0","MIT","METADATA_RECORDED","LICENSE.md","LICENSE.md:E2EAA4603C14CB26F301E88648C12A853FA3F0F5DA6D4B0972958C666E7F2AB8","node_modules/@img/colour","git+https://github.com/lovell/colour.git",""
"@img/sharp-win32-x64","0.35.4","Apache-2.0 AND LGPL-3.0-or-later","COPYLEFT_REVIEW","LICENSE","LICENSE:DC1F5D2D43C5531DFE0ACAF4E950EA5DBE3E61E1850CF0E983BDA7EFC10D6693","node_modules/@img/sharp-win32-x64","git+https://github.com/lovell/sharp.git","https://sharp.pixelplumbing.com"
"@isaacs/cliui","8.0.2","ISC","METADATA_RECORDED","LICENSE.txt","LICENSE.txt:2DC0465729366C3A7890DFA9E972A1BA7048A26C02116FB8B419A6A1AC110149","node_modules/@isaacs/cliui","yargs/cliui",""
"@lukeed/csprng","1.1.0","MIT","METADATA_RECORDED","license","license:9A9EDAD7BAAE52622BDDF3C15B2EF8A33D2C89F2D25408AD13E8A7481C6B0C97","node_modules/@lukeed/csprng","lukeed/csprng",""
"@nestjs/common","10.4.22","MIT","METADATA_RECORDED","LICENSE","LICENSE:4BD93E25A4B75E54A477DB8F387013CAEC2712EE8A3BCBACBF1BB676E7147A62","node_modules/@nestjs/common","https://github.com/nestjs/nest.git","https://nestjs.com"
"@nestjs/config","3.3.0","MIT","METADATA_RECORDED","LICENSE","LICENSE:A0440AFA69DAE8C431E8F7B1F9C2332FAA1AEADD70306601366998F60D0BE449","node_modules/@nestjs/config","https://github.com/nestjs/config",""
"@nestjs/core","10.4.22","MIT","METADATA_RECORDED","LICENSE","LICENSE:4BD93E25A4B75E54A477DB8F387013CAEC2712EE8A3BCBACBF1BB676E7147A62","node_modules/@nestjs/core","https://github.com/nestjs/nest.git","https://nestjs.com"
"@nestjs/mapped-types","2.1.0","MIT","METADATA_RECORDED","LICENSE","LICENSE:36BBFC7186994D7D1D5F8284D106727268820A4A7022A9D4F6BCA3EACFFF55A7","node_modules/@nestjs/mapped-types","https://github.com/nestjs/mapped-types",""
"@nestjs/platform-express","10.4.22","MIT","METADATA_RECORDED","LICENSE","LICENSE:4BD93E25A4B75E54A477DB8F387013CAEC2712EE8A3BCBACBF1BB676E7147A62","node_modules/@nestjs/platform-express","https://github.com/nestjs/nest.git","https://nestjs.com"
"@nestjs/schedule","4.1.2","MIT","METADATA_RECORDED","LICENSE","LICENSE:C94CCF2EDE914BE92EC23120CEF202B812710B0045872FDD3451F3A11448F46D","node_modules/@nestjs/schedule","https://github.com/nestjs/schedule",""
"@nestjs/typeorm","10.0.2","MIT","METADATA_RECORDED","LICENSE","LICENSE:87BFFDCBB37A8B4F041C472248C31686E68F946E0C452A4E3F74A6F377E378AD","node_modules/@nestjs/typeorm","https://github.com/nestjs/typeorm",""
"@nuxtjs/opencollective","0.3.2","MIT","METADATA_RECORDED","LICENSE","LICENSE:CBD00CB9EE01AEB107A1F3F5BE42371BAE780C0C61B49594EDF803A6BEFCC95D","node_modules/@nuxtjs/opencollective","nuxt-contrib/opencollective",""
"@patrol/license-core","0.1.0","[missing]","INTERNAL_METADATA_REVIEW","","","node_modules/@patrol/license-core","",""
"@pkgjs/parseargs","0.11.0","MIT","METADATA_RECORDED","LICENSE","LICENSE:C71D239DF91726FC519C6EB72D318EC65820627232B2F796219E87DCF35D0AB4","node_modules/@pkgjs/parseargs","git@github.com:pkgjs/parseargs.git","https://github.com/pkgjs/parseargs#readme"
"@puppeteer/browsers","2.13.0","Apache-2.0","METADATA_RECORDED","","","node_modules/@puppeteer/browsers","https://github.com/puppeteer/puppeteer/tree/main/packages/browsers",""
"@sqltools/formatter","1.2.5","MIT","METADATA_RECORDED","LICENSE","LICENSE:2F5A1284F0B1FAD3AEDBF891553F8E44D64EF4CFE7C9D44D105463ADF19B09BB","node_modules/@sqltools/formatter","https://github.com/mtxr/vscode-sqltools.git",""
"@tokenizer/inflate","0.2.7","MIT","METADATA_RECORDED","LICENSE","LICENSE:599CCCDA4D0EAA26E1B7B576C5077CFBBB6A9895714DF298D4E91460728E89FF","node_modules/@tokenizer/inflate","https://github.com/Borewit/tokenizer-inflate.git",""
"@tokenizer/token","0.3.0","MIT","METADATA_RECORDED","","","node_modules/@tokenizer/token","https://github.com/Borewit/tokenizer-token.git",""
"@tootallnate/quickjs-emscripten","0.23.0","MIT","METADATA_RECORDED","LICENSE","LICENSE:CC8E9104738F96DADB50EE4AC9754FE46A7123AF52609FBF60470CE7D2868C38","node_modules/@tootallnate/quickjs-emscripten","https://github.com/justjake/quickjs-emscripten",""
"@types/luxon","3.4.2","MIT","METADATA_RECORDED","LICENSE","LICENSE:C2CFCCB812FE482101A8F04597DFC5A9991A6B2748266C47AC91B6A5AAE15383","node_modules/@types/luxon","https://github.com/DefinitelyTyped/DefinitelyTyped.git","https://github.com/DefinitelyTyped/DefinitelyTyped/tree/master/types/luxon"
"@types/node","20.19.37","MIT","METADATA_RECORDED","LICENSE","LICENSE:C2CFCCB812FE482101A8F04597DFC5A9991A6B2748266C47AC91B6A5AAE15383","node_modules/@types/node","https://github.com/DefinitelyTyped/DefinitelyTyped.git","https://github.com/DefinitelyTyped/DefinitelyTyped/tree/master/types/node"
"@types/validator","13.15.10","MIT","METADATA_RECORDED","LICENSE","LICENSE:C2CFCCB812FE482101A8F04597DFC5A9991A6B2748266C47AC91B6A5AAE15383","node_modules/@types/validator","https://github.com/DefinitelyTyped/DefinitelyTyped.git","https://github.com/DefinitelyTyped/DefinitelyTyped/tree/master/types/validator"
"@types/yauzl","2.10.3","MIT","METADATA_RECORDED","LICENSE","LICENSE:C2CFCCB812FE482101A8F04597DFC5A9991A6B2748266C47AC91B6A5AAE15383","node_modules/@types/yauzl","https://github.com/DefinitelyTyped/DefinitelyTyped.git","https://github.com/DefinitelyTyped/DefinitelyTyped/tree/master/types/yauzl"
"abort-controller","3.0.0","MIT","METADATA_RECORDED","LICENSE","LICENSE:DBBF03317F0101FED5643CD87CA80FB769E358FA4F428445BF2315DEEB23A154","node_modules/abort-controller","git+https://github.com/mysticatea/abort-controller.git","https://github.com/mysticatea/abort-controller#readme"
"accepts","1.3.8","MIT","METADATA_RECORDED","LICENSE","LICENSE:71F83C4C0621102A56D9853812777B85751BCE7E9726F686F5B056C1F8A4B0E6","node_modules/accepts","jshttp/accepts",""
"agent-base","7.1.4","MIT","METADATA_RECORDED","LICENSE","LICENSE:8D8C55319C7729D57BE811C747452636688D54F19701EE0752B6B15AD3771D9A","node_modules/http-proxy-agent/node_modules/agent-base | node_modules/pac-proxy-agent/node_modules/agent-base | node_modules/proxy-agent/node_modules/agent-base | node_modules/socks-proxy-agent/node_modules/agent-base","https://github.com/TooTallNate/proxy-agents.git",""
"ansi-regex","5.0.1","MIT","METADATA_RECORDED","license","license:48DA2F39E100D4085767E94966B43F4FA95FF6A0698FBA57ED460914E35F94A0","node_modules/ansi-regex","chalk/ansi-regex",""
"ansi-regex","6.2.2","MIT","METADATA_RECORDED","license","license:5C932D88256B4AB958F64A856FA48E8BD1F55BC1D96B8149C65689E0C61789D3","node_modules/@isaacs/cliui/node_modules/ansi-regex","chalk/ansi-regex",""
"ansi-styles","4.3.0","MIT","METADATA_RECORDED","license","license:48DA2F39E100D4085767E94966B43F4FA95FF6A0698FBA57ED460914E35F94A0","node_modules/ansi-styles","chalk/ansi-styles",""
"ansi-styles","6.2.3","MIT","METADATA_RECORDED","license","license:5C932D88256B4AB958F64A856FA48E8BD1F55BC1D96B8149C65689E0C61789D3","node_modules/@isaacs/cliui/node_modules/ansi-styles","chalk/ansi-styles",""
"ansis","4.2.0","ISC","METADATA_RECORDED","LICENSE","LICENSE:87EC186AC7438102DB7EE5DAE084510A81277EF631235C7712639C146C554737","node_modules/ansis","webdiscus/ansis",""
"app-root-path","3.1.0","MIT","METADATA_RECORDED","LICENSE","LICENSE:6A0C83DDB1D5392433A5FD6C1C2A5F1BAC3CCA63B6BE6712D178F526959A149D","node_modules/app-root-path","https://github.com/inxilpro/node-app-root-path.git","https://github.com/inxilpro/node-app-root-path"
"append-field","1.0.0","MIT","METADATA_RECORDED","LICENSE","LICENSE:FE9A7F8B8AFC8CEA446E8D65A3BBF9BBE278D96C35320B43E57C47F26E447619","node_modules/append-field","http://github.com/LinusU/node-append-field.git",""
"archiver-utils","5.0.2","MIT","METADATA_RECORDED","LICENSE","LICENSE:9FE335FB097FBFF0B7F709EE14A77B1D1CF739D3400CD0B0E19118946772EA56","node_modules/archiver-utils","https://github.com/archiverjs/archiver-utils.git","https://github.com/archiverjs/archiver-utils#readme"
"archiver","7.0.1","MIT","METADATA_RECORDED","LICENSE","LICENSE:9E23899170D96E708B24A2AFCE11E96D169C8CEBF1BD24AC60B675A400CB1CF1","node_modules/archiver","https://github.com/archiverjs/node-archiver.git","https://github.com/archiverjs/node-archiver"
"argparse","2.0.1","Python-2.0","MULTI_OR_SPECIAL_LICENCE_REVIEW","LICENSE","LICENSE:DE4D1F2D2AD5AD0CFD1657A106476B31CB5DB5EF9D1FF842B237C0C81F0C8A23","node_modules/argparse","nodeca/argparse",""
"array-flatten","1.1.1","MIT","METADATA_RECORDED","LICENSE","LICENSE:4EEB3271453A891DF609E5A9F4EE79A68307F730C13417A3BFEFFA604AC8CF25","node_modules/array-flatten","git://github.com/blakeembrey/array-flatten.git","https://github.com/blakeembrey/array-flatten"
"ast-types","0.13.4","MIT","METADATA_RECORDED","LICENSE","LICENSE:A374B737C41B30B1EC04C5FCC17D1B853F008F217CC43A9DBEA441ABD9AFDE70","node_modules/ast-types","git://github.com/benjamn/ast-types.git","http://github.com/benjamn/ast-types"
"async","0.2.10","MIT","METADATA_RECORDED","LICENSE","LICENSE:B04B9E208E566FA898C7429E4DD5B45BA3BA2F7391E5C009CF63C53D580FA9B4","node_modules/fluent-ffmpeg/node_modules/async","https://github.com/caolan/async.git",""
"async","3.2.6","MIT","METADATA_RECORDED","LICENSE","LICENSE:D9FED24F132985934FCA621C4DC1DFB53E03377A24D0568D424383D7EAA9C0AC","node_modules/async","https://github.com/caolan/async.git","https://caolan.github.io/async/"
"available-typed-arrays","1.0.7","MIT","METADATA_RECORDED","LICENSE","LICENSE:6D0917530CF3B3DCA12C1AB7798E4D38AD0A6798ECC1BD27849A3048BA91D265","node_modules/available-typed-arrays","git+https://github.com/inspect-js/available-typed-arrays.git","https://github.com/inspect-js/available-typed-arrays#readme"
"b4a","1.8.1","Apache-2.0","METADATA_RECORDED","LICENSE","LICENSE:C71D239DF91726FC519C6EB72D318EC65820627232B2F796219E87DCF35D0AB4","node_modules/b4a","git+https://github.com/holepunchto/b4a.git","https://github.com/holepunchto/b4a#readme"
"balanced-match","1.0.2","MIT","METADATA_RECORDED","LICENSE.md","LICENSE.md:A1BD5DEADB6A06DD74EFA852C1B8B23F63B67F2214FBE9C8BD591DA51DA69268","node_modules/balanced-match","git://github.com/juliangruber/balanced-match.git","https://github.com/juliangruber/balanced-match"
"bare-events","2.8.3","Apache-2.0","METADATA_RECORDED","LICENSE","LICENSE:C71D239DF91726FC519C6EB72D318EC65820627232B2F796219E87DCF35D0AB4","node_modules/bare-events","git+https://github.com/holepunchto/bare-events.git","https://github.com/holepunchto/bare-events#readme"
"bare-fs","4.7.1","Apache-2.0","METADATA_RECORDED","LICENSE","LICENSE:C71D239DF91726FC519C6EB72D318EC65820627232B2F796219E87DCF35D0AB4","node_modules/bare-fs","git+https://github.com/holepunchto/bare-fs.git","https://github.com/holepunchto/bare-fs#readme"
"bare-os","3.9.1","Apache-2.0","METADATA_RECORDED","LICENSE","LICENSE:C71D239DF91726FC519C6EB72D318EC65820627232B2F796219E87DCF35D0AB4","node_modules/bare-os","git+https://github.com/holepunchto/bare-os.git","https://github.com/holepunchto/bare-os#readme"
"bare-path","3.0.0","Apache-2.0","METADATA_RECORDED","LICENSE | NOTICE","LICENSE:C71D239DF91726FC519C6EB72D318EC65820627232B2F796219E87DCF35D0AB4 | NOTICE:FD4098360DE4B9FB2E003AC7C852E8C86F264A1D6E27C47128E8C8075C81249B","node_modules/bare-path","git+https://github.com/holepunchto/bare-path.git","https://github.com/holepunchto/bare-path#readme"
"bare-stream","2.13.1","Apache-2.0","METADATA_RECORDED","LICENSE","LICENSE:C71D239DF91726FC519C6EB72D318EC65820627232B2F796219E87DCF35D0AB4","node_modules/bare-stream","git+https://github.com/holepunchto/bare-stream.git","https://github.com/holepunchto/bare-stream#readme"
"bare-url","2.4.3","Apache-2.0","METADATA_RECORDED","LICENSE","LICENSE:C71D239DF91726FC519C6EB72D318EC65820627232B2F796219E87DCF35D0AB4","node_modules/bare-url","git+https://github.com/holepunchto/bare-url.git","https://github.com/holepunchto/bare-url"
"base64-js","1.5.1","MIT","METADATA_RECORDED","LICENSE","LICENSE:5B37224C080CDCC97C871ADA971C224E9926370FE74F11B539AA1CF9F3B1ACA1","node_modules/base64-js","git://github.com/beatgammit/base64-js.git","https://github.com/beatgammit/base64-js"
"basic-ftp","5.3.1","MIT","METADATA_RECORDED","LICENSE.txt","LICENSE.txt:5B417C1F5EE996875E86B4959851C94E102EDBBB3C68199BD3336C7351C924F9","node_modules/basic-ftp","https://github.com/patrickjuchli/basic-ftp.git",""
"beep-boop","1.2.3","[missing]","MISSING_METADATA_REVIEW","","","node_modules/github-from-package/example","git@github.com:substack/beep-boop.git",""
"better-sqlite3","12.9.0","MIT","METADATA_RECORDED","LICENSE","LICENSE:09856B52897C91AB67E7456EF43067019F31DFD3B87FDA72E655736B1EBDEE55","node_modules/better-sqlite3","git://github.com/WiseLibs/better-sqlite3.git","http://github.com/WiseLibs/better-sqlite3"
"bindings","1.5.0","MIT","METADATA_RECORDED","LICENSE.md","LICENSE.md:85FDE19744C84CFACB04AED732C0392BA221231B26090D3271D2ED865BFC0792","node_modules/bindings","git://github.com/TooTallNate/node-bindings.git","https://github.com/TooTallNate/node-bindings"
"bl","4.1.0","MIT","METADATA_RECORDED","LICENSE.md","LICENSE.md:9377DB95383C8BEFACF05C6E465D969D756EDF178487CA1344FDF3BA147C596F","node_modules/bl","https://github.com/rvagg/bl.git","https://github.com/rvagg/bl"
"bluebird","3.7.2","MIT","METADATA_RECORDED","LICENSE","LICENSE:87092FE7FFD1E92EBA5D1DD39B73A73FDB4FDD4DF3474BEACC3D9F6B08ECE82C","node_modules/bluebird","git://github.com/petkaantonov/bluebird.git","https://github.com/petkaantonov/bluebird"
"body-parser","1.20.4","MIT","METADATA_RECORDED","LICENSE","LICENSE:23D466B1B134B415B66FA50C6526B4CF3E7B9258554DA88D3ABB371721E7CE68","node_modules/body-parser","expressjs/body-parser",""
"brace-expansion","2.0.2","MIT","METADATA_RECORDED","LICENSE","LICENSE:68F12F6E2C33688699249C01D8F9623C534DA20AA71989C57B061B7BC1676D14","node_modules/glob/node_modules/brace-expansion | node_modules/typeorm/node_modules/brace-expansion","git://github.com/juliangruber/brace-expansion.git","https://github.com/juliangruber/brace-expansion"
"brace-expansion","2.1.0","MIT","METADATA_RECORDED","LICENSE","LICENSE:68F12F6E2C33688699249C01D8F9623C534DA20AA71989C57B061B7BC1676D14","node_modules/readdir-glob/node_modules/brace-expansion","git://github.com/juliangruber/brace-expansion.git","https://github.com/juliangruber/brace-expansion"
"buffer-crc32","0.2.13","MIT","METADATA_RECORDED","LICENSE","LICENSE:14895B82E3367B66BDB127FE91505F8615491F2A23EB1C0B7D8F7C54BE67F57A","node_modules/buffer-crc32","git://github.com/brianloveswords/buffer-crc32.git","https://github.com/brianloveswords/buffer-crc32"
"buffer-crc32","1.0.0","MIT","METADATA_RECORDED","LICENSE","LICENSE:DDC9158FA20E427BC12FA8E1E6D07C642ED4D2C618607DF768B30AE2986B3B7C","node_modules/archiver/node_modules/buffer-crc32","git://github.com/brianloveswords/buffer-crc32.git","https://github.com/brianloveswords/buffer-crc32"
"buffer-from","1.1.2","MIT","METADATA_RECORDED","LICENSE","LICENSE:14275F5C8139D02054C5259D52A88CCBBA662A86AF18C30F071C8D082DC6004C","node_modules/buffer-from","LinusU/buffer-from",""
"buffer","5.7.1","MIT","METADATA_RECORDED","LICENSE","LICENSE:06BAFA45FDAD2579BA0E43B0C9B2C6290287C99C4203C300254A462B38A307F6","node_modules/buffer","git://github.com/feross/buffer.git","https://github.com/feross/buffer"
"buffer","6.0.3","MIT","METADATA_RECORDED","LICENSE","LICENSE:06BAFA45FDAD2579BA0E43B0C9B2C6290287C99C4203C300254A462B38A307F6","node_modules/archiver-utils/node_modules/buffer | node_modules/archiver/node_modules/buffer | node_modules/compress-commons/node_modules/buffer | node_modules/crc32-stream/node_modules/buffer | node_modules/typeorm/node_modules/buffer | node_modules/zip-stream/node_modules/buffer","git://github.com/feross/buffer.git","https://github.com/feross/buffer"
"busboy","1.6.0","MIT","METADATA_RECORDED","LICENSE","LICENSE:D06B5D27BBBBE22C36B1FD88406B1208876E2D37D795F5B8EAED951A459A3111","node_modules/busboy","http://github.com/mscdex/busboy.git",""
"bytes","3.1.2","MIT","METADATA_RECORDED","LICENSE","LICENSE:E3B44AF066615DE2EA48D18D852D0762F18C0B2EFCEA714FA48A6F729D405B85","node_modules/bytes","visionmedia/bytes.js",""
"call-bind-apply-helpers","1.0.2","MIT","METADATA_RECORDED","LICENSE","LICENSE:5E325595B4EA8CFEC3802F545B1DEF5D7B73E4A5B8E9BA63E32A320F67732292","node_modules/call-bind-apply-helpers","git+https://github.com/ljharb/call-bind-apply-helpers.git","https://github.com/ljharb/call-bind-apply-helpers#readme"
"call-bind","1.0.8","MIT","METADATA_RECORDED","LICENSE","LICENSE:39C5EC504CF6BD5CD782A7C695828E09189DF79F5D94840E4F08FEB97B9FD416","node_modules/call-bind","git+https://github.com/ljharb/call-bind.git","https://github.com/ljharb/call-bind#readme"
"call-bound","1.0.4","MIT","METADATA_RECORDED","LICENSE","LICENSE:5E325595B4EA8CFEC3802F545B1DEF5D7B73E4A5B8E9BA63E32A320F67732292","node_modules/call-bound","git+https://github.com/ljharb/call-bound.git","https://github.com/ljharb/call-bound#readme"
"callsites","3.1.0","MIT","METADATA_RECORDED","license","license:48DA2F39E100D4085767E94966B43F4FA95FF6A0698FBA57ED460914E35F94A0","node_modules/callsites","sindresorhus/callsites",""
"chalk","4.1.2","MIT","METADATA_RECORDED","license","license:48DA2F39E100D4085767E94966B43F4FA95FF6A0698FBA57ED460914E35F94A0","node_modules/chalk","chalk/chalk",""
"chownr","1.1.4","ISC","METADATA_RECORDED","LICENSE","LICENSE:4EC3D4C66CD87F5C8D8AD911B10F99BF27CB00CDFCFF82621956E379186B016B","node_modules/prebuild-install/node_modules/chownr","git://github.com/isaacs/chownr.git",""
"chromium-bidi","14.0.0","Apache-2.0","METADATA_RECORDED","LICENSE","LICENSE:C71D239DF91726FC519C6EB72D318EC65820627232B2F796219E87DCF35D0AB4","node_modules/chromium-bidi","https://github.com/GoogleChromeLabs/chromium-bidi.git",""
"class-transformer","0.5.1","MIT","METADATA_RECORDED","LICENSE","LICENSE:40FB2182A242493CE32F6211C3400F2DCF6787C9C68CD261BFB61461D69780EF","node_modules/class-transformer","https://github.com/typestack/class-transformer.git",""
"class-validator","0.14.4","MIT","METADATA_RECORDED","LICENSE","LICENSE:EF7C4BC854AD6F0EE0EA4BDAE8DEE790ED65EDD22713D2806D423B8E0727328A","node_modules/class-validator","https://github.com/typestack/class-validator.git",""
"cliui","8.0.1","ISC","METADATA_RECORDED","LICENSE.txt","LICENSE.txt:2DC0465729366C3A7890DFA9E972A1BA7048A26C02116FB8B419A6A1AC110149","node_modules/cliui","yargs/cliui",""
"color-convert","2.0.1","MIT","METADATA_RECORDED","LICENSE","LICENSE:693866FC419C6F61C8570438EC00659D156EC2B4D4A4D04091711F5F11A365D4","node_modules/color-convert","Qix-/color-convert",""
"color-name","1.1.4","MIT","METADATA_RECORDED","LICENSE","LICENSE:C064F7A3E353BC1BC977F3C897941C75EF763F44F41677E0A15370CA0853D6E2","node_modules/color-name","git@github.com:colorjs/color-name.git","https://github.com/colorjs/color-name"
"compress-commons","6.0.2","MIT","METADATA_RECORDED","LICENSE","LICENSE:79BAD9F51738814F83251AE89460326B2FF2EA19FF5F71AB8F7636B2E17BB231","node_modules/compress-commons","https://github.com/archiverjs/node-compress-commons.git","https://github.com/archiverjs/node-compress-commons"
"concat-stream","2.0.0","MIT","METADATA_RECORDED","LICENSE","LICENSE:96B29C9AAA611A05349B362D48C2FFCE0966FE408401A2D1A157BE312C035B5F","node_modules/concat-stream","http://github.com/maxogden/concat-stream.git",""
"consola","2.15.3","MIT","METADATA_RECORDED","","","node_modules/consola","nuxt/consola",""
"content-disposition","0.5.4","MIT","METADATA_RECORDED","LICENSE","LICENSE:BD47CE7B88C7759630D1E2B9FCFA170A0F1FDE522BE09E13FB1581A79D090400","node_modules/content-disposition","jshttp/content-disposition",""
"content-type","1.0.5","MIT","METADATA_RECORDED","LICENSE","LICENSE:257AED98914108E91A337912727B6A802EEF218248507F74B76FAFFAFF517A38","node_modules/content-type","jshttp/content-type",""
"cookie-signature","1.0.7","MIT","METADATA_RECORDED","","","node_modules/cookie-signature","https://github.com/visionmedia/node-cookie-signature.git",""
"cookie","0.7.2","MIT","METADATA_RECORDED","LICENSE","LICENSE:C02110EEDC16C7114F1A9BDC026C65626CE1D9C7E27FD51A8E0FEEE8A48A6858","node_modules/cookie","jshttp/cookie",""
"core-util-is","1.0.3","MIT","METADATA_RECORDED","LICENSE","LICENSE:33B734D60042D0FE0C92DD1FC1E874193A1C899EC3E276A2EB935D2D0BF5B710","node_modules/core-util-is","git://github.com/isaacs/core-util-is",""
"cors","2.8.5","MIT","METADATA_RECORDED","LICENSE","LICENSE:1AA9A12863EEFB583779B2CA0E5D73C610B6E6D07529AE0472721769A6EA0A32","node_modules/cors","expressjs/cors",""
"cosmiconfig","9.0.1","MIT","METADATA_RECORDED","LICENSE","LICENSE:8E714750725E75C8B31172EF84C0805F94873F86E3B5CFCA8A948553F0778FA1","node_modules/puppeteer/node_modules/cosmiconfig","git+https://github.com/cosmiconfig/cosmiconfig.git","https://github.com/cosmiconfig/cosmiconfig#readme"
"crc-32","1.2.2","Apache-2.0","METADATA_RECORDED","LICENSE","LICENSE:C542BA7851B5D39A5FACE477E47A27CB7C00A9759E321B66824E79718BFFE1AC","node_modules/crc-32","git://github.com/SheetJS/js-crc32.git","https://sheetjs.com/"
"crc32-stream","6.0.0","MIT","METADATA_RECORDED","LICENSE","LICENSE:79BAD9F51738814F83251AE89460326B2FF2EA19FF5F71AB8F7636B2E17BB231","node_modules/crc32-stream","https://github.com/archiverjs/node-crc32-stream.git","https://github.com/archiverjs/node-crc32-stream"
"cron","3.2.1","MIT","METADATA_RECORDED","LICENSE","LICENSE:9EAE0ED8B744DBC5E0077B6854B53CB8D037CCC02156A92A61854043A1B89EAA","node_modules/cron","https://github.com/kelektiv/node-cron.git",""
"cross-spawn","7.0.6","MIT","METADATA_RECORDED","LICENSE","LICENSE:AAA78451B6FECD1B9C4594C796C133C0E90CAD100372FF8BC6DE615E9EF9ADF1","node_modules/cross-spawn","git@github.com:moxystudio/node-cross-spawn.git","https://github.com/moxystudio/node-cross-spawn"
"data-uri-to-buffer","6.0.2","MIT","METADATA_RECORDED","LICENSE","LICENSE:29308C08926E2139CE2C6DC389FC7D6AC801927DF4941C19FA92DE4A8B18DA12","node_modules/data-uri-to-buffer","https://github.com/TooTallNate/proxy-agents.git",""
"dayjs","1.11.20","MIT","METADATA_RECORDED","LICENSE","LICENSE:5FAAB7526D055651BE3AAB769D58897BE6BD91F3D39D137F25F12DBA1B31D5DC","node_modules/dayjs","https://github.com/iamkun/dayjs.git","https://day.js.org"
"debug","2.6.9","MIT","METADATA_RECORDED","LICENSE","LICENSE:98C970DE440DCFC77471610AEC2377C9D9B0DB2B3BE6D1ADD524A586E1D7F422","node_modules/debug","git://github.com/visionmedia/debug.git",""
"debug","4.4.3","MIT","METADATA_RECORDED","LICENSE","LICENSE:3A61C6C96CAF5C1D9B623FB9B04C822B783DFCB78AA7E49C76A3F643E6ED7F95","node_modules/@puppeteer/browsers/node_modules/debug | node_modules/@tokenizer/inflate/node_modules/debug | node_modules/extract-zip/node_modules/debug | node_modules/get-uri/node_modules/debug | node_modules/http-proxy-agent/node_modules/debug | node_modules/pac-proxy-agent/node_modules/debug | node_modules/proxy-agent/node_modules/debug | node_modules/puppeteer-core/node_modules/debug | node_modules/socks-proxy-agent/node_modules/debug | node_modules/typeorm/node_modules/debug","git://github.com/debug-js/debug.git",""
"decompress-response","6.0.0","MIT","METADATA_RECORDED","license","license:5C932D88256B4AB958F64A856FA48E8BD1F55BC1D96B8149C65689E0C61789D3","node_modules/decompress-response","sindresorhus/decompress-response",""
"dedent","1.7.2","MIT","METADATA_RECORDED","LICENSE.md","LICENSE.md:76C9D5F5EA942054715C026F33F8717C9E24603196A3737B8899AFA216BCBDAB","node_modules/dedent","https://github.com/dmnd/dedent","https://github.com/dmnd/dedent"
"deep-extend","0.6.0","MIT","METADATA_RECORDED","LICENSE","LICENSE:E17120AD3DEFF741C2CA5CBE511971CA33971A1BA6E49694C6498309BB2680B9","node_modules/deep-extend","git://github.com/unclechu/node-deep-extend.git","https://github.com/unclechu/node-deep-extend"
"define-data-property","1.1.4","MIT","METADATA_RECORDED","LICENSE","LICENSE:B41D08BC3624D8C436FC80237D73EBB361985A67F4504BBCD703E5CA2B27254C","node_modules/define-data-property","git+https://github.com/ljharb/define-data-property.git","https://github.com/ljharb/define-data-property#readme"
"degenerator","5.0.1","MIT","METADATA_RECORDED","","","node_modules/degenerator","https://github.com/TooTallNate/proxy-agents.git",""
"depd","2.0.0","MIT","METADATA_RECORDED","LICENSE","LICENSE:BD134B41DA59E452FB5A1D366B660886F741C87C2BF9428E93764C419FBC40F5","node_modules/depd","dougwilson/nodejs-depd",""
"destroy","1.2.0","MIT","METADATA_RECORDED","LICENSE","LICENSE:FFE370C8785B0B688D954977CE8DC52E19E5F17962CC5F80009C85EBA4925D56","node_modules/destroy","stream-utils/destroy",""
"detect-libc","2.1.2","Apache-2.0","METADATA_RECORDED","LICENSE","LICENSE:B40930BBCF80744C86C46A12BC9DA056641D722716C378F5659B9E555EF833E1","node_modules/detect-libc","git://github.com/lovell/detect-libc.git",""
"devtools-protocol","0.0.1581282","BSD-3-Clause","METADATA_RECORDED","LICENSE","LICENSE:7A209DD1B94CABDB5EA9C6F9164B9546FFA5DAAA671E7767D49510DB055F5C51","node_modules/devtools-protocol","https://github.com/ChromeDevTools/devtools-protocol",""
"dotenv-expand","10.0.0","BSD-2-Clause","METADATA_RECORDED","LICENSE","LICENSE:3726B9470C3A6B54E1EBCC1D802D37089B5A5FC97273B52B2CEE578A4421EC45","node_modules/dotenv-expand","https://github.com/motdotla/dotenv-expand",""
"dotenv","16.4.5","BSD-2-Clause","METADATA_RECORDED","LICENSE","LICENSE:74B629B24865E1E83C5277EE84590B7937644D6FD959D0C7BDCE758676CD2CED","node_modules/dotenv","git://github.com/motdotla/dotenv.git",""
"dotenv","16.6.1","BSD-2-Clause","METADATA_RECORDED","LICENSE","LICENSE:74B629B24865E1E83C5277EE84590B7937644D6FD959D0C7BDCE758676CD2CED","node_modules/typeorm/node_modules/dotenv","git://github.com/motdotla/dotenv.git","https://github.com/motdotla/dotenv#readme"
"dunder-proto","1.0.1","MIT","METADATA_RECORDED","LICENSE","LICENSE:2B770A704C15DE238C3F622B01B0044DDD60B49EE30608EA6991EBF19DB7A7A1","node_modules/dunder-proto","git+https://github.com/es-shims/dunder-proto.git","https://github.com/es-shims/dunder-proto#readme"
"duplexer2","0.1.4","BSD-3-Clause","METADATA_RECORDED","LICENSE.md","LICENSE.md:252A200BA7A38686F7954EC4CB09B3AD7788FA099EB724DE167D7AB16B1244B9","node_modules/duplexer2","deoxxa/duplexer2",""
"eastasianwidth","0.2.0","MIT","METADATA_RECORDED","","","node_modules/eastasianwidth","git://github.com/komagata/eastasianwidth.git",""
"ee-first","1.1.1","MIT","METADATA_RECORDED","LICENSE","LICENSE:965EF284F7F4C176842EC2E87FA13E79FEED777D56D7A21A5A3B38F1BB6DC288","node_modules/ee-first","jonathanong/ee-first",""
"emoji-regex","8.0.0","MIT","METADATA_RECORDED","LICENSE-MIT.txt","LICENSE-MIT.txt:483ACB265F182907D1CAF6CFF9C16C96F31325ED23792832CC5D8B12D5F88C8A","node_modules/emoji-regex","https://github.com/mathiasbynens/emoji-regex.git","https://mths.be/emoji-regex"
"emoji-regex","9.2.2","MIT","METADATA_RECORDED","LICENSE-MIT.txt","LICENSE-MIT.txt:483ACB265F182907D1CAF6CFF9C16C96F31325ED23792832CC5D8B12D5F88C8A","node_modules/@isaacs/cliui/node_modules/emoji-regex","https://github.com/mathiasbynens/emoji-regex.git","https://mths.be/emoji-regex"
"encodeurl","2.0.0","MIT","METADATA_RECORDED","LICENSE","LICENSE:7585EA7BBA616CCBBE43CB54ECB67956688C3C5641BB84F3099A652A73193AFE","node_modules/encodeurl","pillarjs/encodeurl",""
"end-of-stream","1.4.5","MIT","METADATA_RECORDED","LICENSE","LICENSE:3FE8D55A98DBF260EACE67C00CF9BC53EDB46234E840098A0B93DF3096B97FB6","node_modules/end-of-stream","git://github.com/mafintosh/end-of-stream.git","https://github.com/mafintosh/end-of-stream"
"env-paths","2.2.1","MIT","METADATA_RECORDED","license","license:48DA2F39E100D4085767E94966B43F4FA95FF6A0698FBA57ED460914E35F94A0","node_modules/env-paths","sindresorhus/env-paths",""
"error-ex","1.3.4","MIT","METADATA_RECORDED","LICENSE","LICENSE:92B07A2E5B0E051D37DDE85042C736D6D551CFCBC0983F39D7EF903B3986BBC1","node_modules/error-ex","qix-/node-error-ex",""
"es-define-property","1.0.1","MIT","METADATA_RECORDED","LICENSE","LICENSE:5E325595B4EA8CFEC3802F545B1DEF5D7B73E4A5B8E9BA63E32A320F67732292","node_modules/es-define-property","git+https://github.com/ljharb/es-define-property.git","https://github.com/ljharb/es-define-property#readme"
"es-errors","1.3.0","MIT","METADATA_RECORDED","LICENSE","LICENSE:5E325595B4EA8CFEC3802F545B1DEF5D7B73E4A5B8E9BA63E32A320F67732292","node_modules/es-errors","git+https://github.com/ljharb/es-errors.git","https://github.com/ljharb/es-errors#readme"
"es-object-atoms","1.1.1","MIT","METADATA_RECORDED","LICENSE","LICENSE:5E325595B4EA8CFEC3802F545B1DEF5D7B73E4A5B8E9BA63E32A320F67732292","node_modules/es-object-atoms","git+https://github.com/ljharb/es-object-atoms.git","https://github.com/ljharb/es-object-atoms#readme"
"escalade","3.2.0","MIT","METADATA_RECORDED","license","license:9A9EDAD7BAAE52622BDDF3C15B2EF8A33D2C89F2D25408AD13E8A7481C6B0C97","node_modules/escalade","lukeed/escalade",""
"escape-html","1.0.3","MIT","METADATA_RECORDED","LICENSE","LICENSE:255AA557A1F55224CE522F311629C0BF20854740A67955CEFD798FBD1D3D1DED","node_modules/escape-html","component/escape-html",""
"escodegen","2.1.0","BSD-2-Clause","METADATA_RECORDED","LICENSE.BSD","LICENSE.BSD:D5D62471A28A9920416C7D37D387A3BF55F32CB768590F605F84990B76AEE5DE","node_modules/escodegen","http://github.com/estools/escodegen.git","http://github.com/estools/escodegen"
"esprima","4.0.1","BSD-2-Clause","METADATA_RECORDED","LICENSE.BSD","LICENSE.BSD:94BCB9959136723AA4FB36E1A6C4D5C662A2369978CFAE344DABFB83AE619E79","node_modules/esprima","https://github.com/jquery/esprima.git","http://esprima.org"
"estraverse","5.3.0","BSD-2-Clause","METADATA_RECORDED","LICENSE.BSD","LICENSE.BSD:0E74697A68CEBDCD61502C30FE80AB7F9E341D995DCD452023654D57133534B1","node_modules/estraverse","http://github.com/estools/estraverse.git","https://github.com/estools/estraverse"
"esutils","2.0.3","BSD-2-Clause","METADATA_RECORDED","LICENSE.BSD","LICENSE.BSD:0E74697A68CEBDCD61502C30FE80AB7F9E341D995DCD452023654D57133534B1","node_modules/esutils","http://github.com/estools/esutils.git","https://github.com/estools/esutils"
"etag","1.8.1","MIT","METADATA_RECORDED","LICENSE","LICENSE:A7996721249A136FBCFC1C201BCB5F414F38A701D4A24F28ABE65E16CFCCE813","node_modules/etag","jshttp/etag",""
"event-target-shim","5.0.1","MIT","METADATA_RECORDED","LICENSE","LICENSE:97D87142793695CD73243DE7258694ABE85B3B6060FCA7F247B0A2AFA8219678","node_modules/event-target-shim","https://github.com/mysticatea/event-target-shim.git","https://github.com/mysticatea/event-target-shim"
"events-universal","1.0.1","Apache-2.0","METADATA_RECORDED","LICENSE","LICENSE:C71D239DF91726FC519C6EB72D318EC65820627232B2F796219E87DCF35D0AB4","node_modules/events-universal","git+https://github.com/holepunchto/events-universal.git","https://github.com/holepunchto/events-universal#readme"
"events","3.3.0","MIT","METADATA_RECORDED","LICENSE","LICENSE:631987B7616A325A5B97566C232418481DDF7DBB5ECADEFB991E791876CC2599","node_modules/events","git://github.com/Gozala/events.git",""
"expand-template","2.0.3","(MIT OR WTFPL)","MULTI_OR_SPECIAL_LICENCE_REVIEW","LICENSE","LICENSE:0967624813244BF47DA346449804AF853437433CBDEB8C977F1E0D4BD14E0A3B","node_modules/expand-template","https://github.com/ralphtheninja/expand-template.git","https://github.com/ralphtheninja/expand-template"
"express","4.22.1","MIT","METADATA_RECORDED","LICENSE","LICENSE:95A5762890E5C1C9808921CEF095661FC482C5E1F0BBA31446AC85595DF6237C","node_modules/express","expressjs/express","http://expressjs.com/"
"extract-zip","2.0.1","BSD-2-Clause","METADATA_RECORDED","LICENSE","LICENSE:77B2DE947C65F3062FB347118CA198CA50898EAD84A8509D8153FA65741F029B","node_modules/extract-zip","maxogden/extract-zip",""
"fast-fifo","1.3.2","MIT","METADATA_RECORDED","LICENSE","LICENSE:41A2AA55A9EBAD3DF900CF37FDED512714A127F4300EF54B978F834A11EC4D48","node_modules/fast-fifo","https://github.com/mafintosh/fast-fifo.git","https://github.com/mafintosh/fast-fifo"
"fast-safe-stringify","2.1.1","MIT","METADATA_RECORDED","LICENSE","LICENSE:F0FFE1359BA08038BB99F194C80FBB4F2AAE216E749E97B2CD6B006D1861E27B","node_modules/fast-safe-stringify","git+https://github.com/davidmarkclements/fast-safe-stringify.git","https://github.com/davidmarkclements/fast-safe-stringify#readme"
"fd-slicer","1.1.0","MIT","METADATA_RECORDED","LICENSE","LICENSE:176D95320D565CB034D8323797B6CD6160238F625453687F98AAD2085C46C3B3","node_modules/fd-slicer","git://github.com/andrewrk/node-fd-slicer.git",""
"fflate","0.8.2","MIT","METADATA_RECORDED","LICENSE","LICENSE:805F6CB28BB8B6D3A0BADD83C93BCCD9671FA01A3B4B92B7042B0743325AC243","node_modules/fflate","https://github.com/101arrowz/fflate","https://101arrowz.github.io/fflate"
"file-type","20.4.1","MIT","METADATA_RECORDED","license","license:5C932D88256B4AB958F64A856FA48E8BD1F55BC1D96B8149C65689E0C61789D3","node_modules/file-type","sindresorhus/file-type",""
"file-uri-to-path","1.0.0","MIT","METADATA_RECORDED","LICENSE","LICENSE:75070206E4EE2A749BE52444CECC05101CA8D314C9D6D335FF914046CBF086A0","node_modules/file-uri-to-path","git://github.com/TooTallNate/file-uri-to-path.git","https://github.com/TooTallNate/file-uri-to-path"
"finalhandler","1.3.2","MIT","METADATA_RECORDED","LICENSE","LICENSE:47DCCCF62BF40469D23849B0B1DC8DF9FC91BCE219B880C638D4DC4596E6B5CF","node_modules/finalhandler","pillarjs/finalhandler",""
"fluent-ffmpeg","2.1.3","MIT","METADATA_RECORDED","LICENSE","LICENSE:1C3854D65BD657271AB7EE776370ADC178A988BCB19C8BF6269DFC358F38C0D4","node_modules/fluent-ffmpeg","git://github.com/fluent-ffmpeg/node-fluent-ffmpeg.git",""
"for-each","0.3.5","MIT","METADATA_RECORDED","LICENSE","LICENSE:D07913D776EEF217A95D7EE3EE83577FC3C365B9C870F5A3411F785B81090614","node_modules/for-each","https://github.com/Raynos/for-each.git","https://github.com/Raynos/for-each"
"foreground-child","3.3.1","ISC","METADATA_RECORDED","LICENSE","LICENSE:93F5D82A8D59442FE3275383453A255FEF761647FB28265644010BA799806148","node_modules/foreground-child","git+https://github.com/tapjs/foreground-child.git",""
"forwarded","0.2.0","MIT","METADATA_RECORDED","LICENSE","LICENSE:BD47CE7B88C7759630D1E2B9FCFA170A0F1FDE522BE09E13FB1581A79D090400","node_modules/forwarded","jshttp/forwarded",""
"fresh","0.5.2","MIT","METADATA_RECORDED","LICENSE","LICENSE:A0EC0DAB16B3666F24950F86D257930AC2AD475557B4BFE245620E0817D8A45D","node_modules/fresh","jshttp/fresh",""
"fs-constants","1.0.0","MIT","METADATA_RECORDED","LICENSE","LICENSE:2281F2DB407BDBB54F069EEC38128B2DEE2C0C952F52B786EF1FAECB81767B3C","node_modules/fs-constants","https://github.com/mafintosh/fs-constants.git","https://github.com/mafintosh/fs-constants"
"fs-extra","11.3.4","MIT","METADATA_RECORDED","LICENSE","LICENSE:C6A7DE1428955AA5A692F4D3A3D3EDE658D959616944713337CDA296736442E1","node_modules/whatsapp-web.js/node_modules/fs-extra","git+https://github.com/jprichardson/node-fs-extra.git","https://github.com/jprichardson/node-fs-extra"
"fs-extra","11.3.5","MIT","METADATA_RECORDED","LICENSE","LICENSE:C6A7DE1428955AA5A692F4D3A3D3EDE658D959616944713337CDA296736442E1","node_modules/unzipper/node_modules/fs-extra","git+https://github.com/jprichardson/node-fs-extra.git","https://github.com/jprichardson/node-fs-extra"
"function-bind","1.1.2","MIT","METADATA_RECORDED","LICENSE","LICENSE:773E131A7684726005A7E4688A80B4620033BC08499BC1404DD1A1EB3BCA725E","node_modules/function-bind","https://github.com/Raynos/function-bind.git","https://github.com/Raynos/function-bind"
"get-caller-file","2.0.5","ISC","METADATA_RECORDED","LICENSE.md","LICENSE.md:902DBB4154679FB2B8D7C33878183F45B268D01EAE5E5033DDDAA8852D45F213","node_modules/get-caller-file","git+https://github.com/stefanpenner/get-caller-file.git","https://github.com/stefanpenner/get-caller-file#readme"
"get-intrinsic","1.3.0","MIT","METADATA_RECORDED","LICENSE","LICENSE:39C5EC504CF6BD5CD782A7C695828E09189DF79F5D94840E4F08FEB97B9FD416","node_modules/get-intrinsic","git+https://github.com/ljharb/get-intrinsic.git","https://github.com/ljharb/get-intrinsic#readme"
"get-proto","1.0.1","MIT","METADATA_RECORDED","LICENSE","LICENSE:BE46CE1E3B0479AF9CE82D22B465A6D7D2FF084FCA0AAF3D54172DA2B5EB5781","node_modules/get-proto","git+https://github.com/ljharb/get-proto.git","https://github.com/ljharb/get-proto#readme"
"get-stream","5.2.0","MIT","METADATA_RECORDED","license","license:5C932D88256B4AB958F64A856FA48E8BD1F55BC1D96B8149C65689E0C61789D3","node_modules/extract-zip/node_modules/get-stream","sindresorhus/get-stream",""
"get-uri","6.0.5","MIT","METADATA_RECORDED","LICENSE","LICENSE:29308C08926E2139CE2C6DC389FC7D6AC801927DF4941C19FA92DE4A8B18DA12","node_modules/get-uri","https://github.com/TooTallNate/proxy-agents.git",""
"github-from-package","0.0.0","MIT","METADATA_RECORDED","LICENSE","LICENSE:435A6722C786B0A56FBE7387028F1D9D3F3A2D0FB615BB8FEE118727C3F59B7B","node_modules/github-from-package","git://github.com/substack/github-from-package.git","https://github.com/substack/github-from-package"
"glob","10.4.5","ISC","METADATA_RECORDED","LICENSE","LICENSE:CDBC258D13806538E727964C2436A8806E6E2496CCD616224AACE6F7BF98DBC1","node_modules/glob","git://github.com/isaacs/node-glob.git",""
"glob","10.5.0","ISC","METADATA_RECORDED","LICENSE","LICENSE:CDBC258D13806538E727964C2436A8806E6E2496CCD616224AACE6F7BF98DBC1","node_modules/typeorm/node_modules/glob","git://github.com/isaacs/node-glob.git",""
"gopd","1.2.0","MIT","METADATA_RECORDED","LICENSE","LICENSE:D90BF0A089DA4CF43D644ED240A0B3825DCDB705E64E38371D56995A4CC9E4C5","node_modules/gopd","git+https://github.com/ljharb/gopd.git","https://github.com/ljharb/gopd#readme"
"graceful-fs","4.2.11","ISC","METADATA_RECORDED","LICENSE","LICENSE:F65C5D9F22A317B2A10803BD1868461CE6499C2ED7217BC80C0CC772A748789C","node_modules/graceful-fs","https://github.com/isaacs/node-graceful-fs",""
"has-flag","4.0.0","MIT","METADATA_RECORDED","license","license:48DA2F39E100D4085767E94966B43F4FA95FF6A0698FBA57ED460914E35F94A0","node_modules/has-flag","sindresorhus/has-flag",""
"has-property-descriptors","1.0.2","MIT","METADATA_RECORDED","LICENSE","LICENSE:0F0CA96F50793990031EBC488A38F7292FF70BCE8AB6A8E5EEDA674ABC32CCDF","node_modules/has-property-descriptors","git+https://github.com/inspect-js/has-property-descriptors.git","https://github.com/inspect-js/has-property-descriptors#readme"
"has-symbols","1.1.0","MIT","METADATA_RECORDED","LICENSE","LICENSE:206C1ADCF206DC0031B11232F5B054EC5F1662407AB1CA415247921CAB2068AB","node_modules/has-symbols","git://github.com/inspect-js/has-symbols.git","https://github.com/ljharb/has-symbols#readme"
"has-tostringtag","1.0.2","MIT","METADATA_RECORDED","LICENSE","LICENSE:E2560E002E13281578C75C850061D9255C33D16D732939E8C2DB64C2506642FA","node_modules/has-tostringtag","git+https://github.com/inspect-js/has-tostringtag.git","https://github.com/inspect-js/has-tostringtag#readme"
"hasown","2.0.2","MIT","METADATA_RECORDED","LICENSE","LICENSE:BF9B0D665BE2A689851EEA667CA9F42066EA1D903B38349C51E6A44B2577680A","node_modules/hasown","git+https://github.com/inspect-js/hasOwn.git","https://github.com/inspect-js/hasOwn#readme"
"http-errors","2.0.1","MIT","METADATA_RECORDED","LICENSE","LICENSE:DCB94FF9B1E037A847BC20589DC81A1066D041FD4C16DEB18B0FA968C66CF395","node_modules/http-errors","jshttp/http-errors",""
"http-proxy-agent","7.0.2","MIT","METADATA_RECORDED","LICENSE","LICENSE:71368FD0F5B4129191E9AFCD1E1EF2DC89A9090D3E4D80BBAB92DAFD032B3BEF","node_modules/http-proxy-agent","https://github.com/TooTallNate/proxy-agents.git",""
"https-proxy-agent","7.0.6","MIT","METADATA_RECORDED","LICENSE","LICENSE:8D8C55319C7729D57BE811C747452636688D54F19701EE0752B6B15AD3771D9A","node_modules/pac-proxy-agent/node_modules/https-proxy-agent | node_modules/proxy-agent/node_modules/https-proxy-agent","https://github.com/TooTallNate/proxy-agents.git",""
"iconv-lite","0.4.24","MIT","METADATA_RECORDED","LICENSE","LICENSE:AC779F7314C74F232EF847EA86E714ABE25CF6EEB5CC97B69451B74E2AF6492D","node_modules/iconv-lite","git://github.com/ashtuchkin/iconv-lite.git","https://github.com/ashtuchkin/iconv-lite"
"ieee754","1.2.1","BSD-3-Clause","METADATA_RECORDED","LICENSE","LICENSE:18D45466BA3253DEAE04667E267A91EA8DE8548F18C1125264D1C9DB28194CC1","node_modules/ieee754","git://github.com/feross/ieee754.git",""
"import-fresh","3.3.1","MIT","METADATA_RECORDED","license","license:5C932D88256B4AB958F64A856FA48E8BD1F55BC1D96B8149C65689E0C61789D3","node_modules/import-fresh","sindresorhus/import-fresh",""
"inherits","2.0.4","ISC","METADATA_RECORDED","LICENSE","LICENSE:5FFE28E7ADE7D8F10D85D5337A73FD793DAC5C462FB9A28FBF8C5046C7FBCA3B","node_modules/inherits","git://github.com/isaacs/inherits",""
"ini","1.3.8","ISC","METADATA_RECORDED","LICENSE","LICENSE:4EC3D4C66CD87F5C8D8AD911B10F99BF27CB00CDFCFF82621956E379186B016B","node_modules/rc/node_modules/ini","git://github.com/isaacs/ini.git",""
"ip-address","10.1.0","MIT","METADATA_RECORDED","LICENSE","LICENSE:F8D791359A50CBCAC82C29CB7B0B1B889B28BE76FDD35B8EE33F0F7C8704702A","node_modules/ip-address","git://github.com/beaugunderson/ip-address.git",""
"ipaddr.js","1.9.1","MIT","METADATA_RECORDED","LICENSE","LICENSE:62568A2D1337B77171ECCA9DB10579163446DE1BA6151678E81F06CDC199971B","node_modules/ipaddr.js","git://github.com/whitequark/ipaddr.js",""
"is-arrayish","0.2.1","MIT","METADATA_RECORDED","LICENSE","LICENSE:92B07A2E5B0E051D37DDE85042C736D6D551CFCBC0983F39D7EF903B3986BBC1","node_modules/is-arrayish","https://github.com/qix-/node-is-arrayish.git",""
"is-callable","1.2.7","MIT","METADATA_RECORDED","LICENSE","LICENSE:C61652DB3D2808F667B48AF0A358F0D85FD07AD4A0D0B1A50882DEC3B764C522","node_modules/is-callable","git://github.com/inspect-js/is-callable.git",""
"is-fullwidth-code-point","3.0.0","MIT","METADATA_RECORDED","license","license:48DA2F39E100D4085767E94966B43F4FA95FF6A0698FBA57ED460914E35F94A0","node_modules/is-fullwidth-code-point","sindresorhus/is-fullwidth-code-point",""
"is-stream","2.0.1","MIT","METADATA_RECORDED","license","license:5C932D88256B4AB958F64A856FA48E8BD1F55BC1D96B8149C65689E0C61789D3","node_modules/is-stream","sindresorhus/is-stream",""
"is-typed-array","1.1.15","MIT","METADATA_RECORDED","LICENSE","LICENSE:C61652DB3D2808F667B48AF0A358F0D85FD07AD4A0D0B1A50882DEC3B764C522","node_modules/is-typed-array","git://github.com/inspect-js/is-typed-array.git",""
"isarray","1.0.0","MIT","METADATA_RECORDED","","","node_modules/duplexer2/node_modules/isarray | node_modules/lazystream/node_modules/isarray","git://github.com/juliangruber/isarray.git","https://github.com/juliangruber/isarray"
"isarray","2.0.5","MIT","METADATA_RECORDED","LICENSE","LICENSE:68F12F6E2C33688699249C01D8F9623C534DA20AA71989C57B061B7BC1676D14","node_modules/isarray","git://github.com/juliangruber/isarray.git","https://github.com/juliangruber/isarray"
"isexe","2.0.0","ISC","METADATA_RECORDED","LICENSE","LICENSE:4EC3D4C66CD87F5C8D8AD911B10F99BF27CB00CDFCFF82621956E379186B016B","node_modules/isexe","git+https://github.com/isaacs/isexe.git","https://github.com/isaacs/isexe#readme"
"iterare","1.2.1","ISC","METADATA_RECORDED","LICENSE.txt","LICENSE.txt:2537BB3D445DD08C12BE3EC5C686F0394A3CCD6BFA94DAC5D269940A9CB7FF98","node_modules/iterare","https://github.com/felixfbecker/iterare",""
"jackspeak","3.4.3","BlueOak-1.0.0","METADATA_RECORDED","LICENSE.md","LICENSE.md:2C7C5D22ED5A8EE968C64757710979AFCD77438C48B4A265B94E615BABD8A901","node_modules/jackspeak","git+https://github.com/isaacs/jackspeak.git",""
"js-tokens","4.0.0","MIT","METADATA_RECORDED","LICENSE","LICENSE:2213D91C606205C71EB051A199478CDC2ADDE945893404D7F1421436DD6D5CC1","node_modules/js-tokens","lydell/js-tokens",""
"js-yaml","4.1.1","MIT","METADATA_RECORDED","LICENSE","LICENSE:A07BC24468B9654CE76A547D47A2DB282D07733B715DB4C73A98BD63961F9550","node_modules/js-yaml","nodeca/js-yaml",""
"json-parse-even-better-errors","2.3.1","MIT","METADATA_RECORDED","LICENSE.md","LICENSE.md:50627796EB4236CD05674E71D090E594447995225B7D94CD59E57C25FA3A0217","node_modules/json-parse-even-better-errors","https://github.com/npm/json-parse-even-better-errors",""
"jsonfile","6.2.0","MIT","METADATA_RECORDED","LICENSE","LICENSE:A9801FB52BA22EF808682A094DA8A7A480584B7ED0DFD0D888AB543616335031","node_modules/jsonfile","git@github.com:jprichardson/node-jsonfile.git",""
"lazystream","1.0.1","MIT","METADATA_RECORDED","LICENSE","LICENSE:E7F5D28405C9FE6580DB684634BACE66953055B436D7FBB6F860D0C800C44A9F","node_modules/lazystream","https://github.com/jpommerening/node-lazystream.git","https://github.com/jpommerening/node-lazystream"
"libphonenumber-js","1.12.40","MIT","METADATA_RECORDED","LICENSE | LICENSE.Apache","LICENSE:3BA796E4A8C5C5437029FBB47C8921424E902EA152E85150BE095826ABED0ACB | LICENSE.Apache:2514772E5475F208616174F81B67168179A7C51BDCB9570A96A9DC5962B83116","node_modules/libphonenumber-js","git+https://gitlab.com/catamphetamine/libphonenumber-js.git","https://gitlab.com/catamphetamine/libphonenumber-js#readme"
"lines-and-columns","1.2.4","MIT","METADATA_RECORDED","LICENSE","LICENSE:456FE85AD3E71DB9523313CF7437B0F90C392D8A48C869908E46716B26D2CF53","node_modules/lines-and-columns","https://github.com/eventualbuddha/lines-and-columns.git","https://github.com/eventualbuddha/lines-and-columns#readme"
"lodash","4.17.21","MIT","METADATA_RECORDED","LICENSE","LICENSE:F71E8ED126B46346494AAD5486874CD8F0AAFE95092ED67D2E3CB6110F939ABC","node_modules/lodash","lodash/lodash","https://lodash.com/"
"lru-cache","10.4.3","ISC","METADATA_RECORDED","LICENSE","LICENSE:451EC07EEB9C4E1B86DE9ABDAA426462A8BE48F887EC7421CF0BBB9C769555AB","node_modules/path-scurry/node_modules/lru-cache","git://github.com/isaacs/node-lru-cache.git",""
"lru-cache","7.18.3","ISC","METADATA_RECORDED","LICENSE","LICENSE:451EC07EEB9C4E1B86DE9ABDAA426462A8BE48F887EC7421CF0BBB9C769555AB","node_modules/proxy-agent/node_modules/lru-cache","git://github.com/isaacs/node-lru-cache.git",""
"luxon","3.5.0","MIT","METADATA_RECORDED","LICENSE.md","LICENSE.md:6CB2F2BF697EE9C6FA9EB8F227C63EE6E7A3CBA42D4717F14C745EF9B6CBC006","node_modules/luxon","https://github.com/moment/luxon",""
"math-intrinsics","1.1.0","MIT","METADATA_RECORDED","LICENSE","LICENSE:2B770A704C15DE238C3F622B01B0044DDD60B49EE30608EA6991EBF19DB7A7A1","node_modules/math-intrinsics","git+https://github.com/es-shims/math-intrinsics.git","https://github.com/es-shims/math-intrinsics#readme"
"media-typer","0.3.0","MIT","METADATA_RECORDED","LICENSE","LICENSE:74D8054D56D522BDAA340D3D71130CB204997D523A5292C85AC1264DD77C8D06","node_modules/media-typer","jshttp/media-typer",""
"merge-descriptors","1.0.3","MIT","METADATA_RECORDED","LICENSE","LICENSE:62FB7D7C1822FE783895866057247BBD50164B00631FCE9E4981D3897BDEE4D9","node_modules/merge-descriptors","sindresorhus/merge-descriptors",""
"methods","1.1.2","MIT","METADATA_RECORDED","LICENSE","LICENSE:1DA7F0788D14D545B2B953F78A27B916D320DFA174C2FCFA124C5AAFFA81056E","node_modules/methods","jshttp/methods",""
"mime-db","1.52.0","MIT","METADATA_RECORDED","LICENSE","LICENSE:CC1DFD4DAFA27271E8212CD3B274EEB3F262E40A6FDAB36DDC3F9696F706F58B","node_modules/mime-db","jshttp/mime-db",""
"mime-types","2.1.35","MIT","METADATA_RECORDED","LICENSE","LICENSE:71F83C4C0621102A56D9853812777B85751BCE7E9726F686F5B056C1F8A4B0E6","node_modules/mime-types","jshttp/mime-types",""
"mime","1.6.0","MIT","METADATA_RECORDED","LICENSE","LICENSE:8F2658C03422C408B2B2CE4D151DECC3B1A6FD3D86E5CA9433777BCCDCDF75A2","node_modules/mime","https://github.com/broofa/node-mime",""
"mime","3.0.0","MIT","METADATA_RECORDED","LICENSE","LICENSE:8F2658C03422C408B2B2CE4D151DECC3B1A6FD3D86E5CA9433777BCCDCDF75A2","node_modules/whatsapp-web.js/node_modules/mime","https://github.com/broofa/mime",""
"mimic-response","3.1.0","MIT","METADATA_RECORDED","license","license:5C932D88256B4AB958F64A856FA48E8BD1F55BC1D96B8149C65689E0C61789D3","node_modules/decompress-response/node_modules/mimic-response","sindresorhus/mimic-response",""
"minimatch","5.1.9","ISC","METADATA_RECORDED","LICENSE","LICENSE:D11323827FA4EDEAAFC437CC5B91B6971B335F0127EFEEB42BF5122FE8657E8F","node_modules/readdir-glob/node_modules/minimatch","git://github.com/isaacs/minimatch.git",""
"minimatch","9.0.9","ISC","METADATA_RECORDED","LICENSE","LICENSE:D11323827FA4EDEAAFC437CC5B91B6971B335F0127EFEEB42BF5122FE8657E8F","node_modules/glob/node_modules/minimatch | node_modules/typeorm/node_modules/minimatch","git://github.com/isaacs/minimatch.git",""
"minimist","1.2.8","MIT","METADATA_RECORDED","LICENSE","LICENSE:435A6722C786B0A56FBE7387028F1D9D3F3A2D0FB615BB8FEE118727C3F59B7B","node_modules/minimist","git://github.com/minimistjs/minimist.git","https://github.com/minimistjs/minimist"
"minipass","7.1.3","BlueOak-1.0.0","METADATA_RECORDED","LICENSE.md","LICENSE.md:8A1AF140FDFBF5AFD3DF27F7E662F989C5B963A300020DFAFCE42033CAE9E004","node_modules/minipass","https://github.com/isaacs/minipass",""
"mitt","3.0.1","MIT","METADATA_RECORDED","LICENSE","LICENSE:1CAB22F196264195A4CAEC8CA5630170FDDE76EE8F43346E47021D087332D3B0","node_modules/mitt","developit/mitt","https://github.com/developit/mitt"
"mkdirp-classic","0.5.3","MIT","METADATA_RECORDED","LICENSE","LICENSE:A255B85C1A510ECFE660C4D442ECDBC1E9D07F4B4D3D7F90443F7E5570591E0A","node_modules/mkdirp-classic","https://github.com/mafintosh/mkdirp-classic.git","https://github.com/mafintosh/mkdirp-classic"
"ms","2.0.0","MIT","METADATA_RECORDED","license.md","license.md:6652830C2607C722B66F1B57DE15877AB8FC5DCA406CC5B335AFEB365D0F32C1","node_modules/ms","zeit/ms",""
"ms","2.1.3","MIT","METADATA_RECORDED","license.md","license.md:1662FAE9B5314D11CF51284E2DCD1F006A354F7343F08712A730FCFF9A359801","node_modules/@puppeteer/browsers/node_modules/ms | node_modules/@tokenizer/inflate/node_modules/ms | node_modules/extract-zip/node_modules/ms | node_modules/get-uri/node_modules/ms | node_modules/http-proxy-agent/node_modules/ms | node_modules/pac-proxy-agent/node_modules/ms | node_modules/proxy-agent/node_modules/ms | node_modules/puppeteer-core/node_modules/ms | node_modules/send/node_modules/ms | node_modules/socks-proxy-agent/node_modules/ms | node_modules/typeorm/node_modules/ms","vercel/ms",""
"multer","2.3.0","MIT","METADATA_RECORDED","LICENSE","LICENSE:CC8F87AAFBF72A74BAFED2A8F6925D8895E1C716B36BD3DF7EE0C46BE54E87BB","node_modules/multer","git+https://github.com/expressjs/multer.git",""
"napi-build-utils","2.0.0","MIT","METADATA_RECORDED","LICENSE","LICENSE:9C6A91D2847BD9BFD493C1CA87B9C3F96302CFD069667E6DD4A6278E69A33A31","node_modules/napi-build-utils","git+https://github.com/inspiredware/napi-build-utils.git","https://github.com/inspiredware/napi-build-utils#readme"
"negotiator","0.6.3","MIT","METADATA_RECORDED","LICENSE","LICENSE:553D4D20029A24E315B428A1A54A9E109EAA340F2E958A4F50A92362C2C4070B","node_modules/negotiator","jshttp/negotiator",""
"netmask","2.1.1","MIT","METADATA_RECORDED","LICENSE.md","LICENSE.md:C47E09B7A38F5F4CEEC262E87037CE38911A9FB3F70AF1A8199AA6D6BD3BE8D0","node_modules/netmask","git://github.com/rs/node-netmask.git","https://github.com/rs/node-netmask"
"node-abi","3.89.0","MIT","METADATA_RECORDED","LICENSE","LICENSE:9A508CD4122F2DC1CC39F8AB0B6950EFBC49FB087A581C7177A4B8C9D5D0D6A1","node_modules/node-abi","git+https://github.com/electron/node-abi.git","https://github.com/electron/node-abi#readme"
"node-fetch","2.7.0","MIT","METADATA_RECORDED","LICENSE.md","LICENSE.md:84EAA985E1EF71B8C630E8ABA73404C219FF425C6FDB45C62E998B58D4FBDC8E","node_modules/node-fetch","https://github.com/bitinn/node-fetch.git","https://github.com/bitinn/node-fetch"
"node-int64","0.4.0","MIT","METADATA_RECORDED","LICENSE","LICENSE:8F85AAB053E268546014761DA47630A09886626AFBD0D8D440CB2C69611BB8D3","node_modules/node-int64","https://github.com/broofa/node-int64",""
"node-webpmux","3.2.1","LGPL-3.0-or-later","COPYLEFT_REVIEW","COPYING.LESSER","COPYING.LESSER:E3A994D82E644B03A792A930F574002658412F62407F5FEE083F2555C5F23118","node_modules/node-webpmux","git+https://github.com/ApeironTsuka/node-webpmux.git","https://github.com/ApeironTsuka/node-webpmux#readme"
"normalize-path","3.0.0","MIT","METADATA_RECORDED","LICENSE","LICENSE:E70FF771504BA41F2BE55DE812A017FF46433D7A250C862E38FC419159E44500","node_modules/normalize-path","jonschlinkert/normalize-path","https://github.com/jonschlinkert/normalize-path"
"object-assign","4.1.1","MIT","METADATA_RECORDED","license","license:6FB9754611C20F6649F68805E8C990E83261F29316E29DE9E6CEDAE607B8634C","node_modules/object-assign","sindresorhus/object-assign",""
"object-inspect","1.13.4","MIT","METADATA_RECORDED","LICENSE","LICENSE:BD40CC437E28A3AD7BEF2AD34E6B72E757B182E67BDA1ACADBAB4EF0476F8232","node_modules/object-inspect","git://github.com/inspect-js/object-inspect.git","https://github.com/inspect-js/object-inspect"
"on-finished","2.4.1","MIT","METADATA_RECORDED","LICENSE","LICENSE:8089BCC08845EC143E5761F4A101A65B8C792A0DEDBFEEB90A15560C0B77F768","node_modules/on-finished","jshttp/on-finished",""
"once","1.4.0","ISC","METADATA_RECORDED","LICENSE","LICENSE:4EC3D4C66CD87F5C8D8AD911B10F99BF27CB00CDFCFF82621956E379186B016B","node_modules/once","git://github.com/isaacs/once",""
"pac-proxy-agent","7.2.0","MIT","METADATA_RECORDED","LICENSE","LICENSE:819021EBDB731965692B2F38206ED1C96A956469827173DC668A1C6BA3E97097","node_modules/pac-proxy-agent","https://github.com/TooTallNate/proxy-agents.git",""
"pac-resolver","7.0.1","MIT","METADATA_RECORDED","LICENSE","LICENSE:8D8C55319C7729D57BE811C747452636688D54F19701EE0752B6B15AD3771D9A","node_modules/pac-resolver","https://github.com/TooTallNate/proxy-agents.git",""
"package-json-from-dist","1.0.1","BlueOak-1.0.0","METADATA_RECORDED","LICENSE.md","LICENSE.md:A49C9BA464796F65B59FCA3F1E6CA40912DF1E859F575383223F7EC6C5BAAE09","node_modules/package-json-from-dist","git+https://github.com/isaacs/package-json-from-dist.git",""
"parent-module","1.0.1","MIT","METADATA_RECORDED","license","license:48DA2F39E100D4085767E94966B43F4FA95FF6A0698FBA57ED460914E35F94A0","node_modules/parent-module","sindresorhus/parent-module",""
"parse-json","5.2.0","MIT","METADATA_RECORDED","license","license:5C932D88256B4AB958F64A856FA48E8BD1F55BC1D96B8149C65689E0C61789D3","node_modules/parse-json","sindresorhus/parse-json",""
"parseurl","1.3.3","MIT","METADATA_RECORDED","LICENSE","LICENSE:11D017C3B9F1EE3F44CAF7203035F0461D5B57E0DB8CE1BC03A9AF34FA7D3F6B","node_modules/parseurl","pillarjs/parseurl",""
"path-key","3.1.1","MIT","METADATA_RECORDED","license","license:48DA2F39E100D4085767E94966B43F4FA95FF6A0698FBA57ED460914E35F94A0","node_modules/path-key","sindresorhus/path-key",""
"path-scurry","1.11.1","BlueOak-1.0.0","METADATA_RECORDED","LICENSE.md","LICENSE.md:8A1AF140FDFBF5AFD3DF27F7E662F989C5B963A300020DFAFCE42033CAE9E004","node_modules/path-scurry","git+https://github.com/isaacs/path-scurry",""
"path-to-regexp","0.1.13","MIT","METADATA_RECORDED","LICENSE","LICENSE:4EEB3271453A891DF609E5A9F4EE79A68307F730C13417A3BFEFFA604AC8CF25","node_modules/express/node_modules/path-to-regexp","https://github.com/pillarjs/path-to-regexp.git",""
"path-to-regexp","3.3.0","MIT","METADATA_RECORDED","LICENSE","LICENSE:4EEB3271453A891DF609E5A9F4EE79A68307F730C13417A3BFEFFA604AC8CF25","node_modules/path-to-regexp","https://github.com/pillarjs/path-to-regexp.git",""
"pend","1.2.0","MIT","METADATA_RECORDED","LICENSE","LICENSE:7E64ACFFCB0D20D33F5A86949FFD4A99AE045B10C7332A9C3A58635876C16880","node_modules/pend","git://github.com/andrewrk/node-pend.git",""
"pg-cloudflare","1.3.0","MIT","METADATA_RECORDED","LICENSE","LICENSE:192B8F5C96900F04A1271DEC39688655D7416C1C6EA84A508E18B50D2B6751F3","node_modules/pg-cloudflare","git://github.com/brianc/node-postgres.git",""
"pg-connection-string","2.12.0","MIT","METADATA_RECORDED","LICENSE","LICENSE:2244B5486C4427001B6756A87B9A297D427C111DCC3BA64A097492A8979C23D0","node_modules/pg-connection-string","git://github.com/brianc/node-postgres.git","https://github.com/brianc/node-postgres/tree/master/packages/pg-connection-string"
"pg-int8","1.0.1","ISC","METADATA_RECORDED","LICENSE","LICENSE:4E8E87CCDFC7E4B47FD89015F78468AA53B6BF43AB6E6E12D43E8F55294911DE","node_modules/pg-int8","https://github.com/charmander/pg-int8",""
"pg-pool","3.13.0","MIT","METADATA_RECORDED","LICENSE","LICENSE:4F15EE7FC2A72082859D7E0D12DFA4BCDD70B1C744AD3850D07780730AC08557","node_modules/pg-pool","git://github.com/brianc/node-postgres.git","https://github.com/brianc/node-postgres/tree/master/packages/pg-pool#readme"
"pg-protocol","1.13.0","MIT","METADATA_RECORDED","LICENSE","LICENSE:192B8F5C96900F04A1271DEC39688655D7416C1C6EA84A508E18B50D2B6751F3","node_modules/pg-protocol","git://github.com/brianc/node-postgres.git",""
"pg-types","2.2.0","MIT","METADATA_RECORDED","","","node_modules/pg-types","git://github.com/brianc/node-pg-types.git","https://github.com/brianc/node-pg-types"
"pg","8.20.0","MIT","METADATA_RECORDED","LICENSE","LICENSE:192B8F5C96900F04A1271DEC39688655D7416C1C6EA84A508E18B50D2B6751F3","node_modules/pg","git://github.com/brianc/node-postgres.git","https://github.com/brianc/node-postgres"
"pgpass","1.0.5","MIT","METADATA_RECORDED","","","node_modules/pgpass","https://github.com/hoegaarden/pgpass.git",""
"picocolors","1.1.1","ISC","METADATA_RECORDED","LICENSE","LICENSE:6582629E2979466878F6014313DCC2F3756C9616148682227CE3063DDE310750","node_modules/picocolors","alexeyraspopov/picocolors",""
"possible-typed-array-names","1.1.0","MIT","METADATA_RECORDED","LICENSE","LICENSE:5E325595B4EA8CFEC3802F545B1DEF5D7B73E4A5B8E9BA63E32A320F67732292","node_modules/possible-typed-array-names","git+https://github.com/ljharb/possible-typed-array-names.git","https://github.com/ljharb/possible-typed-array-names#readme"
"postgres-array","2.0.0","MIT","METADATA_RECORDED","license","license:F057F36739D53D228A746DE4440C1E0C644ECDE06D6BEAB45337D39C9D12A393","node_modules/postgres-array","bendrucker/postgres-array",""
"postgres-bytea","1.0.1","MIT","METADATA_RECORDED","license","license:F057F36739D53D228A746DE4440C1E0C644ECDE06D6BEAB45337D39C9D12A393","node_modules/postgres-bytea","bendrucker/postgres-bytea",""
"postgres-date","1.0.7","MIT","METADATA_RECORDED","license","license:F057F36739D53D228A746DE4440C1E0C644ECDE06D6BEAB45337D39C9D12A393","node_modules/postgres-date","bendrucker/postgres-date",""
"postgres-interval","1.2.0","MIT","METADATA_RECORDED","license","license:F057F36739D53D228A746DE4440C1E0C644ECDE06D6BEAB45337D39C9D12A393","node_modules/postgres-interval","bendrucker/postgres-interval",""
"prebuild-install","7.1.3","MIT","METADATA_RECORDED","LICENSE","LICENSE:0AA9ADD6A9158EFAD3E6649E3AFFD607C7E2629F6677AF19F9988C8FBB0757B0","node_modules/prebuild-install","https://github.com/prebuild/prebuild-install.git","https://github.com/prebuild/prebuild-install"
"prisma-client-46c3aef436094650951a17aff6f627bdc8bf143dc53f07f45ae481f51ac5f4fb","5.22.0","[missing]","MISSING_METADATA_REVIEW","","","node_modules/.prisma/client","",""
"process-nextick-args","2.0.1","MIT","METADATA_RECORDED","license.md","license.md:ECDCCBCF39024F624DED480C01C0B25458E1ECA8F26ECF040933865CE56D9A4F","node_modules/process-nextick-args","https://github.com/calvinmetcalf/process-nextick-args.git","https://github.com/calvinmetcalf/process-nextick-args"
"process","0.11.10","MIT","METADATA_RECORDED","LICENSE","LICENSE:59A400D04C5078579ACC27DDD6452C1BDF763F9506E01364700935FBB1A7C91B","node_modules/process","git://github.com/shtylman/node-process.git",""
"progress","2.0.3","MIT","METADATA_RECORDED","LICENSE","LICENSE:D7D2A7786DE7C7CFD96F920C6F12927D74E1D2A861CA4498BF465C3BC3F4C21C","node_modules/progress","git://github.com/visionmedia/node-progress",""
"proxy-addr","2.0.7","MIT","METADATA_RECORDED","LICENSE","LICENSE:A7996721249A136FBCFC1C201BCB5F414F38A701D4A24F28ABE65E16CFCCE813","node_modules/proxy-addr","jshttp/proxy-addr",""
"proxy-agent","6.5.0","MIT","METADATA_RECORDED","LICENSE","LICENSE:8D8C55319C7729D57BE811C747452636688D54F19701EE0752B6B15AD3771D9A","node_modules/proxy-agent","https://github.com/TooTallNate/proxy-agents.git",""
"proxy-from-env","1.1.0","MIT","METADATA_RECORDED","LICENSE","LICENSE:F55828DF4B8752C48E765A806465B76A103E3CB363379C569B15A1DF2BA2D79E","node_modules/proxy-from-env","https://github.com/Rob--W/proxy-from-env.git","https://github.com/Rob--W/proxy-from-env#readme"
"pump","3.0.4","MIT","METADATA_RECORDED","LICENSE","LICENSE:3FE8D55A98DBF260EACE67C00CF9BC53EDB46234E840098A0B93DF3096B97FB6","node_modules/pump","git://github.com/mafintosh/pump.git",""
"puppeteer-core","24.38.0","Apache-2.0","METADATA_RECORDED","","","node_modules/puppeteer-core","https://github.com/puppeteer/puppeteer/tree/main/packages/puppeteer-core",""
"puppeteer","24.38.0","Apache-2.0","METADATA_RECORDED","","","node_modules/puppeteer","https://github.com/puppeteer/puppeteer/tree/main/packages/puppeteer",""
"qrcode-terminal","0.12.0","Apache 2.0","METADATA_RECORDED","LICENSE","LICENSE:B3C7A2FADB2515B8106EAE58439A4B9C0581A4EAA88D6A265701F8D4DD7DADB8","node_modules/qrcode-terminal","https://github.com/gtanner/qrcode-terminal","https://github.com/gtanner/qrcode-terminal"
"qs","6.14.2","BSD-3-Clause","METADATA_RECORDED","LICENSE.md","LICENSE.md:E7DC37BF662D7F786EFCB46C545615E70C1DAF458A38385521C63CF6607CDFE1","node_modules/qs","https://github.com/ljharb/qs.git","https://github.com/ljharb/qs"
"range-parser","1.2.1","MIT","METADATA_RECORDED","LICENSE","LICENSE:F655E6291356EC0DE7A8F0E69F294961A2CEA86678EC94588BE1E6A492E278AB","node_modules/range-parser","jshttp/range-parser",""
"raw-body","2.5.3","MIT","METADATA_RECORDED","LICENSE","LICENSE:37876D7DE8BDF5E5B9B58A697EBC34044624E493E6F49EFF5C938E5226DCAC6B","node_modules/raw-body","stream-utils/raw-body",""
"rc","1.2.8","(BSD-2-Clause OR MIT OR Apache-2.0)","MULTI_OR_SPECIAL_LICENCE_REVIEW","LICENSE.APACHE2 | LICENSE.BSD | LICENSE.MIT","LICENSE.APACHE2:E8734448285A2DD773D40136ED5D5E8163A70701DD540CDC796CFCA232F67D55 | LICENSE.BSD:65E7E4D223688C601F42959DEFDE380F8C4AA677FA4706DA3B4A53F129BD78A3 | LICENSE.MIT:D72DEA1A8CDF3F4DFA2F594253D0C5B37BAEFC76E806F5ECB0E426393EDCD505","node_modules/rc","https://github.com/dominictarr/rc.git",""
"readable-stream","2.3.8","MIT","METADATA_RECORDED","LICENSE","LICENSE:EC62DC96DA0099B87F4511736C87309335527FB7031639493E06C95728DC8C54","node_modules/duplexer2/node_modules/readable-stream | node_modules/lazystream/node_modules/readable-stream","git://github.com/nodejs/readable-stream",""
"readable-stream","3.6.2","MIT","METADATA_RECORDED","LICENSE","LICENSE:EC62DC96DA0099B87F4511736C87309335527FB7031639493E06C95728DC8C54","node_modules/readable-stream","git://github.com/nodejs/readable-stream",""
"readable-stream","4.7.0","MIT","METADATA_RECORDED","LICENSE","LICENSE:EC62DC96DA0099B87F4511736C87309335527FB7031639493E06C95728DC8C54","node_modules/archiver-utils/node_modules/readable-stream | node_modules/archiver/node_modules/readable-stream | node_modules/compress-commons/node_modules/readable-stream | node_modules/crc32-stream/node_modules/readable-stream | node_modules/zip-stream/node_modules/readable-stream","git://github.com/nodejs/readable-stream","https://github.com/nodejs/readable-stream"
"readdir-glob","1.1.3","Apache-2.0","METADATA_RECORDED","LICENSE","LICENSE:8CD23E2D76D2791765F7DD1025A9DF99D81DB91DA9E2701F283987A1C0435AA3","node_modules/readdir-glob","git://github.com/Yqnn/node-readdir-glob.git","https://github.com/Yqnn/node-readdir-glob"
"reflect-metadata","0.2.2","Apache-2.0","METADATA_RECORDED","LICENSE","LICENSE:C5217B0544EA9C91D010863582D6F6B35EC50E4146C34DEE085DDCEC5DD92DEF","node_modules/reflect-metadata","https://github.com/rbuckton/reflect-metadata.git","http://rbuckton.github.io/reflect-metadata"
"require-directory","2.1.1","MIT","METADATA_RECORDED","LICENSE","LICENSE:A92E52EB1FA7CD746E3827BF01D3A3589BBC8E1E51348B1DA042AAD165525AD1","node_modules/require-directory","git://github.com/troygoode/node-require-directory.git","https://github.com/troygoode/node-require-directory/"
"resolve-from","4.0.0","MIT","METADATA_RECORDED","license","license:48DA2F39E100D4085767E94966B43F4FA95FF6A0698FBA57ED460914E35F94A0","node_modules/resolve-from","sindresorhus/resolve-from",""
"rxjs","7.8.2","Apache-2.0","METADATA_RECORDED","LICENSE.txt","LICENSE.txt:81C407AC717813B0E3795402960E04003C7BBA8BA59B621624707028531C9ADE","node_modules/rxjs","https://github.com/reactivex/rxjs.git","https://rxjs.dev"
"safe-buffer","5.1.2","MIT","METADATA_RECORDED","LICENSE","LICENSE:C7CC929B57080F4B9D0C6CF57669F0463FC5B39906344DFC8D3BC43426B30EAC","node_modules/duplexer2/node_modules/safe-buffer | node_modules/lazystream/node_modules/safe-buffer","git://github.com/feross/safe-buffer.git","https://github.com/feross/safe-buffer"
"safe-buffer","5.2.1","MIT","METADATA_RECORDED","LICENSE","LICENSE:C7CC929B57080F4B9D0C6CF57669F0463FC5B39906344DFC8D3BC43426B30EAC","node_modules/safe-buffer","git://github.com/feross/safe-buffer.git","https://github.com/feross/safe-buffer"
"safer-buffer","2.1.2","MIT","METADATA_RECORDED","LICENSE","LICENSE:4BC935E71BE198C67DDF3C2B5FDDB195F6EDC182BFC155A96A6DB61B44B494B9","node_modules/safer-buffer","git+https://github.com/ChALkeR/safer-buffer.git",""
"semver","7.8.5","ISC","METADATA_RECORDED","LICENSE","LICENSE:4EC3D4C66CD87F5C8D8AD911B10F99BF27CB00CDFCFF82621956E379186B016B","node_modules/semver","git+https://github.com/npm/node-semver.git",""
"send","0.19.2","MIT","METADATA_RECORDED","LICENSE","LICENSE:25A328069FE771F8ED5B6F983ED4B0E6C84B3312AC0F69B28C3D52DC277962C9","node_modules/send","pillarjs/send",""
"serve-static","1.16.3","MIT","METADATA_RECORDED","LICENSE","LICENSE:63B9A188D7D43E64B0558B7115255045B9FE20A5FC3FF483421CB899E7F52BCB","node_modules/serve-static","expressjs/serve-static",""
"set-function-length","1.2.2","MIT","METADATA_RECORDED","LICENSE","LICENSE:BF9B0D665BE2A689851EEA667CA9F42066EA1D903B38349C51E6A44B2577680A","node_modules/set-function-length","git+https://github.com/ljharb/set-function-length.git","https://github.com/ljharb/set-function-length#readme"
"setprototypeof","1.2.0","ISC","METADATA_RECORDED","LICENSE","LICENSE:76D6D1EA0C268DA37DD3C961B4FCFB23DEE8417FFF9E8786D4D44C585B781B69","node_modules/setprototypeof","https://github.com/wesleytodd/setprototypeof.git","https://github.com/wesleytodd/setprototypeof"
"sha.js","2.4.12","(MIT AND BSD-3-Clause)","MULTI_OR_SPECIAL_LICENCE_REVIEW","LICENSE","LICENSE:58DCF38BE1438F739412B87EB70D64BF00E9976D529BB119F700D8B3167924F0","node_modules/sha.js","git://github.com/crypto-browserify/sha.js.git","https://github.com/crypto-browserify/sha.js"
"sharp","0.35.4","Apache-2.0","METADATA_RECORDED","LICENSE","LICENSE:73BA74DFAA520B49A401B5D21459A8523A146F3B7518A833EEA5EFA85130BF68","node_modules/sharp","git+https://github.com/lovell/sharp.git","https://sharp.pixelplumbing.com"
"shebang-command","2.0.0","MIT","METADATA_RECORDED","license","license:69DEE148A2CC470554DFA7142E830662062394D0FE67CDDD379ABA90DC60D6B3","node_modules/shebang-command","kevva/shebang-command",""
"shebang-regex","3.0.0","MIT","METADATA_RECORDED","license","license:48DA2F39E100D4085767E94966B43F4FA95FF6A0698FBA57ED460914E35F94A0","node_modules/shebang-regex","sindresorhus/shebang-regex",""
"side-channel-list","1.0.0","MIT","METADATA_RECORDED","LICENSE","LICENSE:5E325595B4EA8CFEC3802F545B1DEF5D7B73E4A5B8E9BA63E32A320F67732292","node_modules/side-channel-list","git+https://github.com/ljharb/side-channel-list.git","https://github.com/ljharb/side-channel-list#readme"
"side-channel-map","1.0.1","MIT","METADATA_RECORDED","LICENSE","LICENSE:5E325595B4EA8CFEC3802F545B1DEF5D7B73E4A5B8E9BA63E32A320F67732292","node_modules/side-channel-map","git+https://github.com/ljharb/side-channel-map.git","https://github.com/ljharb/side-channel-map#readme"
"side-channel-weakmap","1.0.2","MIT","METADATA_RECORDED","LICENSE","LICENSE:CFC3F455254C0AF0655CC3FF46A41ED644B67599F6043346169D285BF2B3CF3B","node_modules/side-channel-weakmap","git+https://github.com/ljharb/side-channel-weakmap.git","https://github.com/ljharb/side-channel-weakmap#readme"
"side-channel","1.1.0","MIT","METADATA_RECORDED","LICENSE","LICENSE:CFC3F455254C0AF0655CC3FF46A41ED644B67599F6043346169D285BF2B3CF3B","node_modules/side-channel","git+https://github.com/ljharb/side-channel.git","https://github.com/ljharb/side-channel#readme"
"signal-exit","4.1.0","ISC","METADATA_RECORDED","LICENSE.txt","LICENSE.txt:B173E19B9A78DF305577ACE0E52EF45A4BCC915EA28B47B256DC3B68DCB1F7E7","node_modules/signal-exit","https://github.com/tapjs/signal-exit.git",""
"simple-concat","1.0.1","MIT","METADATA_RECORDED","LICENSE","LICENSE:D4C2065E2B936E62A4EB400EFB4576EDEC9CA1388A9F78AA288E147275E7BC8B","node_modules/simple-concat","git://github.com/feross/simple-concat.git","https://github.com/feross/simple-concat"
"simple-get","4.0.1","MIT","METADATA_RECORDED","LICENSE","LICENSE:D4C2065E2B936E62A4EB400EFB4576EDEC9CA1388A9F78AA288E147275E7BC8B","node_modules/simple-get","git://github.com/feross/simple-get.git","https://github.com/feross/simple-get"
"smart-buffer","4.2.0","MIT","METADATA_RECORDED","LICENSE","LICENSE:C46E2C333E1C9E6FCFD130CF91B8E54BF67B60FABBC04996F7E199B990353FF3","node_modules/smart-buffer","https://github.com/JoshGlazebrook/smart-buffer.git","https://github.com/JoshGlazebrook/smart-buffer/"
"socks-proxy-agent","8.0.5","MIT","METADATA_RECORDED","LICENSE","LICENSE:8D8C55319C7729D57BE811C747452636688D54F19701EE0752B6B15AD3771D9A","node_modules/socks-proxy-agent","https://github.com/TooTallNate/proxy-agents.git",""
"socks","2.8.7","MIT","METADATA_RECORDED","LICENSE","LICENSE:4F4F28866154C8D758241A64296E8790D45D7D912FF7B029930778C06D8F2A72","node_modules/socks","https://github.com/JoshGlazebrook/socks.git","https://github.com/JoshGlazebrook/socks/"
"source-map","0.6.1","BSD-3-Clause","METADATA_RECORDED","LICENSE","LICENSE:6CB0631F71C7749763FD3DD1D5BEE52DD1070EC17F2EDC1710079AD070BD2FBD","node_modules/escodegen/node_modules/source-map","http://github.com/mozilla/source-map.git","https://github.com/mozilla/source-map"
"split2","4.2.0","ISC","METADATA_RECORDED","LICENSE","LICENSE:C372EF2FA1DFCB124ED807609751E75E3A009F108C5724916B489288FCB88A0C","node_modules/split2","https://github.com/mcollina/split2.git",""
"sql-highlight","6.1.0","MIT","METADATA_RECORDED","LICENSE","LICENSE:6C09537D6F5116F6339E83153095D0F7B524C4F1B627D870BE0D912E436ED5DA","node_modules/sql-highlight","git@github.com:scriptcoded/sql-highlight.git",""
"statuses","2.0.2","MIT","METADATA_RECORDED","LICENSE","LICENSE:512CFA4D5E7A7569C7AE4DD95241CB6AE2AAF648EF9EBD080C01BD24868D26E9","node_modules/statuses","jshttp/statuses",""
"streamsearch","1.1.0","MIT","METADATA_RECORDED","LICENSE","LICENSE:7C28463B739E2E73A49BF127D0BDA427F8C55F0B37365A044C3C3F254716118B","node_modules/streamsearch","http://github.com/mscdex/streamsearch.git",""
"streamx","2.25.0","MIT","METADATA_RECORDED","LICENSE","LICENSE:41A2AA55A9EBAD3DF900CF37FDED512714A127F4300EF54B978F834A11EC4D48","node_modules/streamx","https://github.com/mafintosh/streamx.git","https://github.com/mafintosh/streamx"
"string_decoder","1.1.1","MIT","METADATA_RECORDED","LICENSE","LICENSE:11F2AAFB37D06B3EE5BDAF06E9811141D0DA05263C316F3D627F45C20D43261B","node_modules/duplexer2/node_modules/string_decoder | node_modules/lazystream/node_modules/string_decoder","git://github.com/nodejs/string_decoder.git","https://github.com/nodejs/string_decoder"
"string_decoder","1.3.0","MIT","METADATA_RECORDED","LICENSE","LICENSE:11F2AAFB37D06B3EE5BDAF06E9811141D0DA05263C316F3D627F45C20D43261B","node_modules/string_decoder","git://github.com/nodejs/string_decoder.git","https://github.com/nodejs/string_decoder"
"string-width","4.2.3","MIT","METADATA_RECORDED","license","license:48DA2F39E100D4085767E94966B43F4FA95FF6A0698FBA57ED460914E35F94A0","node_modules/string-width | node_modules/string-width-cjs","sindresorhus/string-width",""
"string-width","5.1.2","MIT","METADATA_RECORDED","license","license:5C932D88256B4AB958F64A856FA48E8BD1F55BC1D96B8149C65689E0C61789D3","node_modules/@isaacs/cliui/node_modules/string-width","sindresorhus/string-width",""
"strip-ansi","6.0.1","MIT","METADATA_RECORDED","license","license:48DA2F39E100D4085767E94966B43F4FA95FF6A0698FBA57ED460914E35F94A0","node_modules/strip-ansi | node_modules/strip-ansi-cjs","chalk/strip-ansi",""
"strip-ansi","7.2.0","MIT","METADATA_RECORDED","license","license:5C932D88256B4AB958F64A856FA48E8BD1F55BC1D96B8149C65689E0C61789D3","node_modules/@isaacs/cliui/node_modules/strip-ansi","chalk/strip-ansi",""
"strip-json-comments","2.0.1","MIT","METADATA_RECORDED","license","license:6FB9754611C20F6649F68805E8C990E83261F29316E29DE9E6CEDAE607B8634C","node_modules/rc/node_modules/strip-json-comments","sindresorhus/strip-json-comments",""
"strtok3","10.3.4","MIT","METADATA_RECORDED","LICENSE.txt","LICENSE.txt:96FB10CAD5C8DB2C9BF1D4063B38FC6688536459E8A21A30BFF2893E974AF99D","node_modules/strtok3","https://github.com/Borewit/strtok3.git",""
"supports-color","7.2.0","MIT","METADATA_RECORDED","license","license:48DA2F39E100D4085767E94966B43F4FA95FF6A0698FBA57ED460914E35F94A0","node_modules/supports-color","chalk/supports-color",""
"tar-fs","2.1.4","MIT","METADATA_RECORDED","LICENSE","LICENSE:3FE8D55A98DBF260EACE67C00CF9BC53EDB46234E840098A0B93DF3096B97FB6","node_modules/prebuild-install/node_modules/tar-fs","https://github.com/mafintosh/tar-fs.git","https://github.com/mafintosh/tar-fs"
"tar-fs","3.1.2","MIT","METADATA_RECORDED","LICENSE","LICENSE:3FE8D55A98DBF260EACE67C00CF9BC53EDB46234E840098A0B93DF3096B97FB6","node_modules/tar-fs","https://github.com/mafintosh/tar-fs.git","https://github.com/mafintosh/tar-fs"
"tar-stream","2.2.0","MIT","METADATA_RECORDED","LICENSE","LICENSE:3FE8D55A98DBF260EACE67C00CF9BC53EDB46234E840098A0B93DF3096B97FB6","node_modules/tar-stream","git+https://github.com/mafintosh/tar-stream.git","https://github.com/mafintosh/tar-stream"
"tar-stream","3.2.0","MIT","METADATA_RECORDED","LICENSE","LICENSE:3FE8D55A98DBF260EACE67C00CF9BC53EDB46234E840098A0B93DF3096B97FB6","node_modules/archiver/node_modules/tar-stream | node_modules/tar-fs/node_modules/tar-stream","git+https://github.com/mafintosh/tar-stream.git","https://github.com/mafintosh/tar-stream"
"teex","1.0.1","MIT","METADATA_RECORDED","LICENSE","LICENSE:69B1CE578AD0AA97CE5302C7CB8D507C2FBE5A670712B02F0B4A2B95CAE3184A","node_modules/teex","https://github.com/mafintosh/teex.git","https://github.com/mafintosh/teex"
"text-decoder","1.2.7","Apache-2.0","METADATA_RECORDED","LICENSE","LICENSE:C71D239DF91726FC519C6EB72D318EC65820627232B2F796219E87DCF35D0AB4","node_modules/text-decoder","git+https://github.com/holepunchto/text-decoder.git","https://github.com/holepunchto/text-decoder#readme"
"to-buffer","1.2.2","MIT","METADATA_RECORDED","LICENSE","LICENSE:6A134E51AA31496C15A741592FC5D782B2DBF8D8B6B8524E15C8520AE0CD6374","node_modules/to-buffer","https://github.com/browserify/to-buffer.git","https://github.com/browserify/to-buffer"
"toidentifier","1.0.1","MIT","METADATA_RECORDED","LICENSE","LICENSE:A832D679750E49AB433626AB196350B89964B60EB0D3EDD3341887C7D5F4C128","node_modules/toidentifier","component/toidentifier",""
"token-types","6.1.2","MIT","METADATA_RECORDED","LICENSE.txt","LICENSE.txt:EB0BFF8FAABA4581E0F09C962E0F795F1F8810191C9D616F3F66F36BE4B3A5DC","node_modules/token-types","git+https://github.com/Borewit/token-types.git",""
"tr46","0.0.3","MIT","METADATA_RECORDED","","","node_modules/tr46","git+https://github.com/Sebmaster/tr46.js.git","https://github.com/Sebmaster/tr46.js#readme"
"tslib","2.8.1","0BSD","METADATA_RECORDED","LICENSE.txt","LICENSE.txt:210B19E543130388C68654B7497E967119CE17145F66AB7D85688FBD70F08751","node_modules/tslib","https://github.com/Microsoft/tslib.git","https://www.typescriptlang.org/"
"tunnel-agent","0.6.0","Apache-2.0","METADATA_RECORDED","LICENSE","LICENSE:D446A8C73D7BBE4872D6524B15AE206F9A2D7EB53F8C9CB6E6C893A43ACC5276","node_modules/tunnel-agent","https://github.com/mikeal/tunnel-agent",""
"type-is","1.6.18","MIT","METADATA_RECORDED","LICENSE","LICENSE:23D466B1B134B415B66FA50C6526B4CF3E7B9258554DA88D3ABB371721E7CE68","node_modules/type-is","jshttp/type-is",""
"typed-array-buffer","1.0.3","MIT","METADATA_RECORDED","LICENSE","LICENSE:B41D08BC3624D8C436FC80237D73EBB361985A67F4504BBCD703E5CA2B27254C","node_modules/typed-array-buffer","git+https://github.com/inspect-js/typed-array-buffer.git","https://github.com/inspect-js/typed-array-buffer#readme"
"typed-query-selector","2.12.2","MIT","METADATA_RECORDED","LICENSE","LICENSE:E5A82D3D14A3B0FFFB34243E6CC465D7B5C9E1CA2EF047EE5842EF50F9999E7E","node_modules/typed-query-selector","g-plane/typed-query-selector",""
"typedarray","0.0.6","MIT","METADATA_RECORDED","LICENSE","LICENSE:26181EBEE1063F3DC6766A3B6D05999A0DA058F172EADF2CA5D15105FFD9735A","node_modules/typedarray","git://github.com/substack/typedarray.git","https://github.com/substack/typedarray"
"typeorm","0.3.28","MIT","METADATA_RECORDED","","","node_modules/typeorm","https://github.com/typeorm/typeorm.git","https://typeorm.io"
"uid","2.0.2","MIT","METADATA_RECORDED","license","license:9A9EDAD7BAAE52622BDDF3C15B2EF8A33D2C89F2D25408AD13E8A7481C6B0C97","node_modules/uid","lukeed/uid",""
"uint8array-extras","1.5.0","MIT","METADATA_RECORDED","license","license:5C932D88256B4AB958F64A856FA48E8BD1F55BC1D96B8149C65689E0C61789D3","node_modules/uint8array-extras","sindresorhus/uint8array-extras",""
"undici-types","6.21.0","MIT","METADATA_RECORDED","LICENSE","LICENSE:A6DB8096B2707BC0102D256917D4D33F298BA36D8C3F25DE067A2B5BB379DB27","node_modules/undici-types","git+https://github.com/nodejs/undici.git","https://undici.nodejs.org"
"universalify","2.0.1","MIT","METADATA_RECORDED","LICENSE","LICENSE:3FDA5977C0904E226190B4E21D64340C1731E2142D6FE5F3DEE0090A216B8B63","node_modules/universalify","git+https://github.com/RyanZim/universalify.git","https://github.com/RyanZim/universalify#readme"
"unpipe","1.0.0","MIT","METADATA_RECORDED","LICENSE","LICENSE:1A526FBE8D8577F5A4B1C2821842B55B7C0E18862531C62AE4CE69C9B19B74B6","node_modules/unpipe","stream-utils/unpipe",""
"unzipper","0.12.3","MIT","METADATA_RECORDED","LICENSE","LICENSE:B9E9ABEAF8B92573DC28915D4948DBCE30D55B30C688D109898B35E6105C4215","node_modules/unzipper","https://github.com/ZJONSSON/node-unzipper.git",""
"util-deprecate","1.0.2","MIT","METADATA_RECORDED","LICENSE","LICENSE:0154425673DB15CDFA80ECBA2C9B1F1A867F7197A006764712849BFC3A93CBB7","node_modules/util-deprecate","git://github.com/TooTallNate/util-deprecate.git","https://github.com/TooTallNate/util-deprecate"
"utils-merge","1.0.1","MIT","METADATA_RECORDED","LICENSE","LICENSE:6E7D699CDD1E4FA837BA7718EA49841AA67201B449EA8B3F9CF274BE15974A64","node_modules/utils-merge","git://github.com/jaredhanson/utils-merge.git",""
"uuid","11.0.3","MIT","METADATA_RECORDED","LICENSE.md","LICENSE.md:BEAA6B04FB82E41DD2AD679E19E27953AFB5999B1ABBB455B6564E78EBFEB332","node_modules/uuid","https://github.com/uuidjs/uuid.git",""
"uuid","11.1.0","MIT","METADATA_RECORDED","LICENSE.md","LICENSE.md:BEAA6B04FB82E41DD2AD679E19E27953AFB5999B1ABBB455B6564E78EBFEB332","node_modules/typeorm/node_modules/uuid","https://github.com/uuidjs/uuid.git",""
"uuid","9.0.1","MIT","METADATA_RECORDED","LICENSE.md","LICENSE.md:BEAA6B04FB82E41DD2AD679E19E27953AFB5999B1ABBB455B6564E78EBFEB332","node_modules/@nestjs/typeorm/node_modules/uuid","https://github.com/uuidjs/uuid.git",""
"validator","13.15.26","MIT","METADATA_RECORDED","LICENSE","LICENSE:683B3C34623E01DAAD41CB2A3D0A93578C590F8D0206CBD8B0B579FB7DEF2603","node_modules/validator","git+https://github.com/validatorjs/validator.js.git","https://github.com/validatorjs/validator.js"
"vary","1.1.2","MIT","METADATA_RECORDED","LICENSE","LICENSE:BD47CE7B88C7759630D1E2B9FCFA170A0F1FDE522BE09E13FB1581A79D090400","node_modules/vary","jshttp/vary",""
"webdriver-bidi-protocol","0.4.1","Apache-2.0","METADATA_RECORDED","LICENSE","LICENSE:B08840544230421823A071F4DACE39A58BE90A54537F36C4B283C93D93D70CC6","node_modules/webdriver-bidi-protocol","git+https://github.com/GoogleChromeLabs/webdriver-bidi-protocol.git",""
"webidl-conversions","3.0.1","BSD-2-Clause","METADATA_RECORDED","LICENSE.md","LICENSE.md:A889CC4DBEE2AE172C179856B25D75B0B7A5A136E1B97109B9B590B2FF1A879C","node_modules/webidl-conversions","jsdom/webidl-conversions",""
"whatsapp-web.js","1.34.7","Apache-2.0","METADATA_RECORDED","LICENSE","LICENSE:C392588658E638D0D415B7552CD987F18994BF6ACFC58A2BD4B7A39107DAE4DC","node_modules/whatsapp-web.js","git+https://github.com/wwebjs/whatsapp-web.js.git","https://wwebjs.dev/"
"whatwg-url","5.0.0","MIT","METADATA_RECORDED","LICENSE.txt","LICENSE.txt:6B7A1792144374D84DC5ED3655B8BBE2754D06F4F1F64A9FB8B9DE2D6F448B85","node_modules/whatwg-url","jsdom/whatwg-url",""
"which-typed-array","1.1.20","MIT","METADATA_RECORDED","LICENSE","LICENSE:C61652DB3D2808F667B48AF0A358F0D85FD07AD4A0D0B1A50882DEC3B764C522","node_modules/which-typed-array","git://github.com/inspect-js/which-typed-array.git",""
"which","1.3.1","ISC","METADATA_RECORDED","LICENSE","LICENSE:4EC3D4C66CD87F5C8D8AD911B10F99BF27CB00CDFCFF82621956E379186B016B","node_modules/fluent-ffmpeg/node_modules/which","git://github.com/isaacs/node-which.git",""
"which","2.0.2","ISC","METADATA_RECORDED","LICENSE","LICENSE:4EC3D4C66CD87F5C8D8AD911B10F99BF27CB00CDFCFF82621956E379186B016B","node_modules/which","git://github.com/isaacs/node-which.git",""
"wrap-ansi","7.0.0","MIT","METADATA_RECORDED","license","license:5C932D88256B4AB958F64A856FA48E8BD1F55BC1D96B8149C65689E0C61789D3","node_modules/cliui/node_modules/wrap-ansi | node_modules/wrap-ansi-cjs","chalk/wrap-ansi",""
"wrap-ansi","8.1.0","MIT","METADATA_RECORDED","license","license:5C932D88256B4AB958F64A856FA48E8BD1F55BC1D96B8149C65689E0C61789D3","node_modules/@isaacs/cliui/node_modules/wrap-ansi","chalk/wrap-ansi",""
"wrappy","1.0.2","ISC","METADATA_RECORDED","LICENSE","LICENSE:4EC3D4C66CD87F5C8D8AD911B10F99BF27CB00CDFCFF82621956E379186B016B","node_modules/wrappy","https://github.com/npm/wrappy","https://github.com/npm/wrappy"
"ws","8.20.1","MIT","METADATA_RECORDED","LICENSE","LICENSE:2B29DCFE0D6471F7E8C92C5FB38C9F93EDEE10330937055440192F1832B1ECEF","node_modules/ws","git+https://github.com/websockets/ws.git","https://github.com/websockets/ws"
"xtend","4.0.2","MIT","METADATA_RECORDED","LICENSE","LICENSE:82E67379203D5794E7C44549847D8D64AE6904591381682360470898BD306821","node_modules/xtend","git://github.com/Raynos/xtend.git","https://github.com/Raynos/xtend"
"y18n","5.0.8","ISC","METADATA_RECORDED","LICENSE","LICENSE:2034CCE3B6FAFCDDD642C4175E01D3DDFC332A53B9F20FDC46B1466DC89AC469","node_modules/y18n","yargs/y18n","https://github.com/yargs/y18n"
"yargs-parser","21.1.1","ISC","METADATA_RECORDED","LICENSE.txt","LICENSE.txt:365496CA1F56DA40B23C9815FC40FA9005847B2F8F8FD1C1A4929EF25EC8CD1D","node_modules/yargs-parser","https://github.com/yargs/yargs-parser.git",""
"yargs","17.7.2","MIT","METADATA_RECORDED","LICENSE","LICENSE:2F1A503BFAB84B3BA7393627308B3274501E459E3B5185BBB56BBF16CB1602D4","node_modules/yargs","https://github.com/yargs/yargs.git","https://yargs.js.org/"
"yauzl","2.10.0","MIT","METADATA_RECORDED","LICENSE","LICENSE:B303783D5EB7CA50B853FFA5F145E4E7998FAB339831D848F507CA6CD970577A","node_modules/yauzl","https://github.com/thejoshwolfe/yauzl.git","https://github.com/thejoshwolfe/yauzl"
"zip-stream","6.0.1","MIT","METADATA_RECORDED","LICENSE","LICENSE:79BAD9F51738814F83251AE89460326B2FF2EA19FF5F71AB8F7636B2E17BB231","node_modules/zip-stream","https://github.com/archiverjs/node-zip-stream.git","https://github.com/archiverjs/node-zip-stream"
"zod","3.25.76","MIT","METADATA_RECORDED","LICENSE","LICENSE:3F1189B28E3866E0D979968D466B78F813F76827CFDCA1FBB124CC0A5C8841F8","node_modules/zod","git+https://github.com/colinhacks/zod.git","https://zod.dev"
