"package","version","in_repository_production_resolution","in_packaged_application","packaged_instance_count","declared_licence","collected_direct_text_count","technical_classification"
"@babel/code-frame","7.29.0","true","true","1","MIT","1","SHIPPED_NOTICE_TEXT_COLLECTED"
"@babel/helper-validator-identifier","7.28.5","true","true","1","MIT","1","SHIPPED_NOTICE_TEXT_COLLECTED"
"@borewit/text-codec","0.2.2","true","true","1","MIT","1","SHIPPED_NOTICE_TEXT_COLLECTED"
"@cspotcode/source-map-support","0.8.1","true","false","0","MIT","0","NOT_SHIPPED"
"@emnapi/runtime","1.11.3","true","false","0","MIT","0","NOT_SHIPPED"
"@img/colour","1.1.0","true","true","1","MIT","1","SHIPPED_NOTICE_TEXT_COLLECTED"
"@img/sharp-wasm32","0.35.4","true","false","0","Apache-2.0 AND LGPL-3.0-or-later AND MIT","0","NOT_SHIPPED"
"@img/sharp-win32-x64","0.35.4","true","true","1","Apache-2.0 AND LGPL-3.0-or-later","1","SHIPPED_LEGAL_COPYLEFT_REVIEW"
"@ioredis/commands","1.10.0","true","false","0","MIT","0","NOT_SHIPPED"
"@isaacs/cliui","8.0.2","true","true","1","ISC","1","SHIPPED_NOTICE_TEXT_COLLECTED"
"@jridgewell/resolve-uri","3.1.2","true","false","0","MIT","0","NOT_SHIPPED"
"@jridgewell/sourcemap-codec","1.5.5","true","false","0","MIT","0","NOT_SHIPPED"
"@jridgewell/trace-mapping","0.3.9","true","false","0","MIT","0","NOT_SHIPPED"
"@lukeed/csprng","1.1.0","true","true","1","MIT","1","SHIPPED_NOTICE_TEXT_COLLECTED"
"@mapbox/node-pre-gyp","1.0.11","true","false","0","BSD-3-Clause","0","NOT_SHIPPED"
"@microsoft/tsdoc","0.15.1","true","false","0","MIT","0","NOT_SHIPPED"
"@msgpackr-extract/msgpackr-extract-win32-x64","3.0.4","true","false","0","MIT","0","NOT_SHIPPED"
"@nestjs/common","10.4.22","true","true","1","MIT","1","SHIPPED_NOTICE_TEXT_COLLECTED"
"@nestjs/config","3.3.0","true","true","1","MIT","1","SHIPPED_NOTICE_TEXT_COLLECTED"
"@nestjs/core","10.4.22","true","true","1","MIT","1","SHIPPED_NOTICE_TEXT_COLLECTED"
"@nestjs/event-emitter","3.1.0","true","false","0","MIT","0","NOT_SHIPPED"
"@nestjs/jwt","10.2.0","true","false","0","MIT","0","NOT_SHIPPED"
"@nestjs/mapped-types","2.0.5","true","false","0","MIT","0","NOT_SHIPPED"
"@nestjs/mapped-types","2.1.0","true","true","1","MIT","1","SHIPPED_NOTICE_TEXT_COLLECTED"
"@nestjs/platform-express","10.4.22","true","true","1","MIT","1","SHIPPED_NOTICE_TEXT_COLLECTED"
"@nestjs/schedule","4.1.2","true","true","1","MIT","1","SHIPPED_NOTICE_TEXT_COLLECTED"
"@nestjs/swagger","7.4.2","true","false","0","MIT","0","NOT_SHIPPED"
"@nestjs/terminus","11.1.1","true","false","0","MIT","0","NOT_SHIPPED"
"@nestjs/throttler","6.5.0","true","false","0","MIT","0","NOT_SHIPPED"
"@nestjs/typeorm","10.0.2","true","true","1","MIT","1","SHIPPED_NOTICE_TEXT_COLLECTED"
"@nuxtjs/opencollective","0.3.2","true","true","1","MIT","1","SHIPPED_NOTICE_TEXT_COLLECTED"
"@patrol/customer-portal","0.1.0","true","false","0","[missing]","0","NOT_SHIPPED"
"@patrol/license-api","0.1.0","true","false","0","[missing]","0","NOT_SHIPPED"
"@patrol/license-core","0.1.0","true","true","1","UNLICENSED","0","SHIPPED_INTERNAL_PRODUCT_COMPONENT"
"@patrol/license-portal","0.1.0","true","false","0","[missing]","0","NOT_SHIPPED"
"@pkgjs/parseargs","0.11.0","true","true","1","MIT","1","SHIPPED_NOTICE_TEXT_COLLECTED"
"@prisma/client","5.22.0","true","false","0","Apache-2.0","0","NOT_SHIPPED"
"@prisma/debug","5.22.0","true","false","0","Apache-2.0","0","NOT_SHIPPED"
"@prisma/engines-version","5.22.0-44.605197351a3c8bdd595af2d2a9bc3025bca48ea2","true","false","0","Apache-2.0","0","NOT_SHIPPED"
"@prisma/engines","5.22.0","true","false","0","Apache-2.0","0","NOT_SHIPPED"
"@prisma/fetch-engine","5.22.0","true","false","0","Apache-2.0","0","NOT_SHIPPED"
"@prisma/get-platform","5.22.0","true","false","0","Apache-2.0","0","NOT_SHIPPED"
"@puppeteer/browsers","2.13.0","true","true","1","Apache-2.0","0","SHIPPED_NOTICE_TEXT_COLLECTED"
"@remix-run/router","1.23.3","true","false","0","MIT","0","NOT_SHIPPED"
"@sqltools/formatter","1.2.5","true","true","1","MIT","1","SHIPPED_NOTICE_TEXT_COLLECTED"
"@tokenizer/inflate","0.2.7","true","true","1","MIT","1","SHIPPED_NOTICE_TEXT_COLLECTED"
"@tokenizer/token","0.3.0","true","true","1","MIT","0","SHIPPED_NOTICE_TEXT_COLLECTED"
"@tootallnate/quickjs-emscripten","0.23.0","true","true","1","MIT","1","SHIPPED_NOTICE_TEXT_COLLECTED"
"@tsconfig/node10","1.0.12","true","false","0","MIT","0","NOT_SHIPPED"
"@tsconfig/node12","1.0.11","true","false","0","MIT","0","NOT_SHIPPED"
"@tsconfig/node14","1.0.3","true","false","0","MIT","0","NOT_SHIPPED"
"@tsconfig/node16","1.0.4","true","false","0","MIT","0","NOT_SHIPPED"
"@types/jsonwebtoken","9.0.5","true","false","0","MIT","0","NOT_SHIPPED"
"@types/luxon","3.4.2","true","true","1","MIT","1","SHIPPED_NOTICE_TEXT_COLLECTED"
"@types/node","20.19.37","true","true","1","MIT","1","SHIPPED_NOTICE_TEXT_COLLECTED"
"@types/validator","13.15.10","true","true","1","MIT","1","SHIPPED_NOTICE_TEXT_COLLECTED"
"@types/yauzl","2.10.3","true","true","1","MIT","1","SHIPPED_NOTICE_TEXT_COLLECTED"
"abbrev","1.1.1","true","false","0","ISC","0","NOT_SHIPPED"
"abort-controller","3.0.0","true","true","1","MIT","1","SHIPPED_NOTICE_TEXT_COLLECTED"
"accepts","1.3.8","true","true","1","MIT","1","SHIPPED_NOTICE_TEXT_COLLECTED"
"acorn-walk","8.3.5","true","false","0","MIT","0","NOT_SHIPPED"
"acorn","8.16.0","true","false","0","MIT","0","NOT_SHIPPED"
"agent-base","6.0.2","true","false","0","MIT","0","NOT_SHIPPED"
"agent-base","7.1.4","true","true","4","MIT","1","SHIPPED_NOTICE_TEXT_COLLECTED"
"ansi-align","3.0.1","true","false","0","ISC","0","NOT_SHIPPED"
"ansi-regex","5.0.1","true","true","1","MIT","1","SHIPPED_NOTICE_TEXT_COLLECTED"
"ansi-regex","6.2.2","true","true","1","MIT","1","SHIPPED_NOTICE_TEXT_COLLECTED"
"ansi-styles","4.3.0","true","true","1","MIT","1","SHIPPED_NOTICE_TEXT_COLLECTED"
"ansi-styles","6.2.3","true","true","1","MIT","1","SHIPPED_NOTICE_TEXT_COLLECTED"
"ansis","4.2.0","true","true","1","ISC","1","SHIPPED_NOTICE_TEXT_COLLECTED"
"app-root-path","3.1.0","true","true","1","MIT","1","SHIPPED_NOTICE_TEXT_COLLECTED"
"append-field","1.0.0","true","true","1","MIT","1","SHIPPED_NOTICE_TEXT_COLLECTED"
"aproba","2.1.0","true","false","0","ISC","0","NOT_SHIPPED"
"archiver-utils","5.0.2","true","true","1","MIT","1","SHIPPED_NOTICE_TEXT_COLLECTED"
"archiver","7.0.1","true","true","1","MIT","1","SHIPPED_NOTICE_TEXT_COLLECTED"
"are-we-there-yet","2.0.0","true","false","0","ISC","0","NOT_SHIPPED"
"arg","4.1.3","true","false","0","MIT","0","NOT_SHIPPED"
"argparse","2.0.1","true","true","1","Python-2.0","1","SHIPPED_LEGAL_SPECIAL_REVIEW"
"array-flatten","1.1.1","true","true","1","MIT","1","SHIPPED_NOTICE_TEXT_COLLECTED"
"ast-types","0.13.4","true","true","1","MIT","1","SHIPPED_NOTICE_TEXT_COLLECTED"
"async","0.2.10","true","true","1","MIT","1","SHIPPED_NOTICE_TEXT_COLLECTED"
"async","3.2.6","true","true","1","MIT","1","SHIPPED_NOTICE_TEXT_COLLECTED"
"available-typed-arrays","1.0.7","true","true","1","MIT","1","SHIPPED_NOTICE_TEXT_COLLECTED"
"b4a","1.8.1","true","true","1","Apache-2.0","1","SHIPPED_NOTICE_TEXT_COLLECTED"
"balanced-match","1.0.2","true","true","1","MIT","1","SHIPPED_NOTICE_TEXT_COLLECTED"
"bare-events","2.8.3","true","true","1","Apache-2.0","1","SHIPPED_NOTICE_TEXT_COLLECTED"
"bare-fs","4.7.1","true","true","1","Apache-2.0","1","SHIPPED_NOTICE_TEXT_COLLECTED"
"bare-os","3.9.1","true","true","1","Apache-2.0","1","SHIPPED_NOTICE_TEXT_COLLECTED"
"bare-path","3.0.0","true","true","1","Apache-2.0","2","SHIPPED_NOTICE_TEXT_COLLECTED"
"bare-stream","2.13.1","true","true","1","Apache-2.0","1","SHIPPED_NOTICE_TEXT_COLLECTED"
"bare-url","2.4.3","true","true","1","Apache-2.0","1","SHIPPED_NOTICE_TEXT_COLLECTED"
"base64-js","1.5.1","true","true","1","MIT","1","SHIPPED_NOTICE_TEXT_COLLECTED"
"basic-ftp","5.3.1","true","true","1","MIT","1","SHIPPED_NOTICE_TEXT_COLLECTED"
"bcrypt","5.1.1","true","false","0","MIT","0","NOT_SHIPPED"
"better-sqlite3","12.9.0","true","true","1","MIT","1","SHIPPED_NOTICE_TEXT_COLLECTED"
"bindings","1.5.0","true","true","1","MIT","1","SHIPPED_NOTICE_TEXT_COLLECTED"
"bl","4.1.0","true","true","1","MIT","1","SHIPPED_NOTICE_TEXT_COLLECTED"
"bluebird","3.7.2","true","true","1","MIT","1","SHIPPED_NOTICE_TEXT_COLLECTED"
"body-parser","1.20.4","true","true","1","MIT","1","SHIPPED_NOTICE_TEXT_COLLECTED"
"boxen","5.1.2","true","false","0","MIT","0","NOT_SHIPPED"
"brace-expansion","1.1.12","true","false","0","MIT","0","NOT_SHIPPED"
"brace-expansion","2.0.2","true","true","2","MIT","1","SHIPPED_NOTICE_TEXT_COLLECTED"
"brace-expansion","2.1.0","true","true","1","MIT","1","SHIPPED_NOTICE_TEXT_COLLECTED"
"buffer-crc32","0.2.13","true","true","1","MIT","1","SHIPPED_NOTICE_TEXT_COLLECTED"
"buffer-crc32","1.0.0","true","true","1","MIT","1","SHIPPED_NOTICE_TEXT_COLLECTED"
"buffer-equal-constant-time","1.0.1","true","false","0","BSD-3-Clause","0","NOT_SHIPPED"
"buffer-from","1.1.2","true","true","1","MIT","1","SHIPPED_NOTICE_TEXT_COLLECTED"
"buffer","5.7.1","true","true","1","MIT","1","SHIPPED_NOTICE_TEXT_COLLECTED"
"buffer","6.0.3","true","true","6","MIT","1","SHIPPED_NOTICE_TEXT_COLLECTED"
"bullmq","5.80.10","true","false","0","MIT","0","NOT_SHIPPED"
"busboy","1.6.0","true","true","1","MIT","1","SHIPPED_NOTICE_TEXT_COLLECTED"
"bytes","3.1.2","true","true","1","MIT","1","SHIPPED_NOTICE_TEXT_COLLECTED"
"call-bind-apply-helpers","1.0.2","true","true","1","MIT","1","SHIPPED_NOTICE_TEXT_COLLECTED"
"call-bind","1.0.8","true","true","1","MIT","1","SHIPPED_NOTICE_TEXT_COLLECTED"
"call-bound","1.0.4","true","true","1","MIT","1","SHIPPED_NOTICE_TEXT_COLLECTED"
"callsites","3.1.0","true","true","1","MIT","1","SHIPPED_NOTICE_TEXT_COLLECTED"
"camelcase","6.3.0","true","false","0","MIT","0","NOT_SHIPPED"
"chalk","4.1.2","true","true","1","MIT","1","SHIPPED_NOTICE_TEXT_COLLECTED"
"check-disk-space","3.4.0","true","false","0","MIT","0","NOT_SHIPPED"
"chownr","1.1.4","true","true","1","ISC","1","SHIPPED_NOTICE_TEXT_COLLECTED"
"chownr","2.0.0","true","false","0","ISC","0","NOT_SHIPPED"
"chromium-bidi","14.0.0","true","true","1","Apache-2.0","1","SHIPPED_NOTICE_TEXT_COLLECTED"
"class-transformer","0.5.1","true","true","1","MIT","1","SHIPPED_NOTICE_TEXT_COLLECTED"
"class-validator","0.14.4","true","true","1","MIT","1","SHIPPED_NOTICE_TEXT_COLLECTED"
"cli-boxes","2.2.1","true","false","0","MIT","0","NOT_SHIPPED"
"cliui","8.0.1","true","true","1","ISC","1","SHIPPED_NOTICE_TEXT_COLLECTED"
"cluster-key-slot","1.1.1","true","false","0","Apache-2.0","0","NOT_SHIPPED"
"color-convert","2.0.1","true","true","1","MIT","1","SHIPPED_NOTICE_TEXT_COLLECTED"
"color-name","1.1.4","true","true","1","MIT","1","SHIPPED_NOTICE_TEXT_COLLECTED"
"color-support","1.1.3","true","false","0","ISC","0","NOT_SHIPPED"
"compress-commons","6.0.2","true","true","1","MIT","1","SHIPPED_NOTICE_TEXT_COLLECTED"
"concat-map","0.0.1","true","false","0","MIT","0","NOT_SHIPPED"
"concat-stream","2.0.0","true","true","1","MIT","1","SHIPPED_NOTICE_TEXT_COLLECTED"
"consola","2.15.3","true","true","1","MIT","0","SHIPPED_NOTICE_TEXT_COLLECTED"
"console-control-strings","1.1.0","true","false","0","ISC","0","NOT_SHIPPED"
"content-disposition","0.5.4","true","true","1","MIT","1","SHIPPED_NOTICE_TEXT_COLLECTED"
"content-type","1.0.5","true","true","1","MIT","1","SHIPPED_NOTICE_TEXT_COLLECTED"
"cookie-signature","1.0.7","true","true","1","MIT","0","SHIPPED_NOTICE_TEXT_COLLECTED"
"cookie","0.7.2","true","true","1","MIT","1","SHIPPED_NOTICE_TEXT_COLLECTED"
"core-util-is","1.0.3","true","true","1","MIT","1","SHIPPED_NOTICE_TEXT_COLLECTED"
"cors","2.8.5","true","true","1","MIT","1","SHIPPED_NOTICE_TEXT_COLLECTED"
"cosmiconfig","9.0.1","true","true","1","MIT","1","SHIPPED_NOTICE_TEXT_COLLECTED"
"crc-32","1.2.2","true","true","1","Apache-2.0","1","SHIPPED_NOTICE_TEXT_COLLECTED"
"crc32-stream","6.0.0","true","true","1","MIT","1","SHIPPED_NOTICE_TEXT_COLLECTED"
"create-require","1.1.1","true","false","0","MIT","0","NOT_SHIPPED"
"cron-parser","4.9.0","true","false","0","MIT","0","NOT_SHIPPED"
"cron","3.2.1","true","true","1","MIT","1","SHIPPED_NOTICE_TEXT_COLLECTED"
"cross-spawn","7.0.6","true","true","1","MIT","1","SHIPPED_NOTICE_TEXT_COLLECTED"
"data-uri-to-buffer","6.0.2","true","true","1","MIT","1","SHIPPED_NOTICE_TEXT_COLLECTED"
"dayjs","1.11.20","true","true","1","MIT","1","SHIPPED_NOTICE_TEXT_COLLECTED"
"debug","2.6.9","true","true","1","MIT","1","SHIPPED_NOTICE_TEXT_COLLECTED"
"debug","4.4.3","true","true","10","MIT","1","SHIPPED_NOTICE_TEXT_COLLECTED"
"decompress-response","6.0.0","true","true","1","MIT","1","SHIPPED_NOTICE_TEXT_COLLECTED"
"dedent","1.7.2","true","true","1","MIT","1","SHIPPED_NOTICE_TEXT_COLLECTED"
"deep-extend","0.6.0","true","true","1","MIT","1","SHIPPED_NOTICE_TEXT_COLLECTED"
"define-data-property","1.1.4","true","true","1","MIT","1","SHIPPED_NOTICE_TEXT_COLLECTED"
"degenerator","5.0.1","true","true","1","MIT","0","SHIPPED_NOTICE_TEXT_COLLECTED"
"delegates","1.0.0","true","false","0","MIT","0","NOT_SHIPPED"
"denque","2.1.0","true","false","0","Apache-2.0","0","NOT_SHIPPED"
"depd","2.0.0","true","true","1","MIT","1","SHIPPED_NOTICE_TEXT_COLLECTED"
"destroy","1.2.0","true","true","1","MIT","1","SHIPPED_NOTICE_TEXT_COLLECTED"
"detect-libc","2.1.2","true","true","1","Apache-2.0","1","SHIPPED_NOTICE_TEXT_COLLECTED"
"devtools-protocol","0.0.1581282","true","true","1","BSD-3-Clause","1","SHIPPED_NOTICE_TEXT_COLLECTED"
"diff","4.0.4","true","false","0","BSD-3-Clause","0","NOT_SHIPPED"
"dotenv-expand","10.0.0","true","true","1","BSD-2-Clause","1","SHIPPED_NOTICE_TEXT_COLLECTED"
"dotenv","16.4.5","true","true","1","BSD-2-Clause","1","SHIPPED_NOTICE_TEXT_COLLECTED"
"dotenv","16.6.1","true","true","1","BSD-2-Clause","1","SHIPPED_NOTICE_TEXT_COLLECTED"
"dunder-proto","1.0.1","true","true","1","MIT","1","SHIPPED_NOTICE_TEXT_COLLECTED"
"duplexer2","0.1.4","true","true","1","BSD-3-Clause","1","SHIPPED_NOTICE_TEXT_COLLECTED"
"eastasianwidth","0.2.0","true","true","1","MIT","0","SHIPPED_NOTICE_TEXT_COLLECTED"
"ecdsa-sig-formatter","1.0.11","true","false","0","Apache-2.0","0","NOT_SHIPPED"
"ee-first","1.1.1","true","true","1","MIT","1","SHIPPED_NOTICE_TEXT_COLLECTED"
"emoji-regex","8.0.0","true","true","1","MIT","1","SHIPPED_NOTICE_TEXT_COLLECTED"
"emoji-regex","9.2.2","true","true","1","MIT","1","SHIPPED_NOTICE_TEXT_COLLECTED"
"encodeurl","2.0.0","true","true","1","MIT","1","SHIPPED_NOTICE_TEXT_COLLECTED"
"encoding","0.1.13","true","false","0","MIT","0","NOT_SHIPPED"
"end-of-stream","1.4.5","true","true","1","MIT","1","SHIPPED_NOTICE_TEXT_COLLECTED"
"env-paths","2.2.1","true","true","1","MIT","1","SHIPPED_NOTICE_TEXT_COLLECTED"
"error-ex","1.3.4","true","true","1","MIT","1","SHIPPED_NOTICE_TEXT_COLLECTED"
"es-define-property","1.0.1","true","true","1","MIT","1","SHIPPED_NOTICE_TEXT_COLLECTED"
"es-errors","1.3.0","true","true","1","MIT","1","SHIPPED_NOTICE_TEXT_COLLECTED"
"es-object-atoms","1.1.1","true","true","1","MIT","1","SHIPPED_NOTICE_TEXT_COLLECTED"
"escalade","3.2.0","true","true","1","MIT","1","SHIPPED_NOTICE_TEXT_COLLECTED"
"escape-html","1.0.3","true","true","1","MIT","1","SHIPPED_NOTICE_TEXT_COLLECTED"
"escodegen","2.1.0","true","true","1","BSD-2-Clause","1","SHIPPED_NOTICE_TEXT_COLLECTED"
"esprima","4.0.1","true","true","1","BSD-2-Clause","1","SHIPPED_NOTICE_TEXT_COLLECTED"
"estraverse","5.3.0","true","true","1","BSD-2-Clause","1","SHIPPED_NOTICE_TEXT_COLLECTED"
"esutils","2.0.3","true","true","1","BSD-2-Clause","1","SHIPPED_NOTICE_TEXT_COLLECTED"
"etag","1.8.1","true","true","1","MIT","1","SHIPPED_NOTICE_TEXT_COLLECTED"
"event-target-shim","5.0.1","true","true","1","MIT","1","SHIPPED_NOTICE_TEXT_COLLECTED"
"eventemitter2","6.4.9","true","false","0","MIT","0","NOT_SHIPPED"
"events-universal","1.0.1","true","true","1","Apache-2.0","1","SHIPPED_NOTICE_TEXT_COLLECTED"
"events","3.3.0","true","true","1","MIT","1","SHIPPED_NOTICE_TEXT_COLLECTED"
"expand-template","2.0.3","true","true","1","(MIT OR WTFPL)","1","SHIPPED_LEGAL_SPECIAL_REVIEW"
"express","4.22.1","true","true","1","MIT","1","SHIPPED_NOTICE_TEXT_COLLECTED"
"extract-zip","2.0.1","true","true","1","BSD-2-Clause","1","SHIPPED_NOTICE_TEXT_COLLECTED"
"fast-fifo","1.3.2","true","true","1","MIT","1","SHIPPED_NOTICE_TEXT_COLLECTED"
"fast-safe-stringify","2.1.1","true","true","1","MIT","1","SHIPPED_NOTICE_TEXT_COLLECTED"
"fd-slicer","1.1.0","true","true","1","MIT","1","SHIPPED_NOTICE_TEXT_COLLECTED"
"fflate","0.8.2","true","true","1","MIT","1","SHIPPED_NOTICE_TEXT_COLLECTED"
"file-type","20.4.1","true","true","1","MIT","1","SHIPPED_NOTICE_TEXT_COLLECTED"
"file-uri-to-path","1.0.0","true","true","1","MIT","1","SHIPPED_NOTICE_TEXT_COLLECTED"
"finalhandler","1.3.2","true","true","1","MIT","1","SHIPPED_NOTICE_TEXT_COLLECTED"
"fluent-ffmpeg","2.1.3","true","true","1","MIT","1","SHIPPED_NOTICE_TEXT_COLLECTED"
"for-each","0.3.5","true","true","1","MIT","1","SHIPPED_NOTICE_TEXT_COLLECTED"
"foreground-child","3.3.1","true","true","1","ISC","1","SHIPPED_NOTICE_TEXT_COLLECTED"
"forwarded","0.2.0","true","true","1","MIT","1","SHIPPED_NOTICE_TEXT_COLLECTED"
"fresh","0.5.2","true","true","1","MIT","1","SHIPPED_NOTICE_TEXT_COLLECTED"
"fs-constants","1.0.0","true","true","1","MIT","1","SHIPPED_NOTICE_TEXT_COLLECTED"
"fs-extra","11.3.4","true","true","1","MIT","1","SHIPPED_NOTICE_TEXT_COLLECTED"
"fs-extra","11.3.5","true","true","1","MIT","1","SHIPPED_NOTICE_TEXT_COLLECTED"
"fs-minipass","2.1.0","true","false","0","ISC","0","NOT_SHIPPED"
"fs.realpath","1.0.0","true","false","0","ISC","0","NOT_SHIPPED"
"function-bind","1.1.2","true","true","1","MIT","1","SHIPPED_NOTICE_TEXT_COLLECTED"
"gauge","3.0.2","true","false","0","ISC","0","NOT_SHIPPED"
"get-caller-file","2.0.5","true","true","1","ISC","1","SHIPPED_NOTICE_TEXT_COLLECTED"
"get-intrinsic","1.3.0","true","true","1","MIT","1","SHIPPED_NOTICE_TEXT_COLLECTED"
"get-proto","1.0.1","true","true","1","MIT","1","SHIPPED_NOTICE_TEXT_COLLECTED"
"get-stream","5.2.0","true","true","1","MIT","1","SHIPPED_NOTICE_TEXT_COLLECTED"
"get-uri","6.0.5","true","true","1","MIT","1","SHIPPED_NOTICE_TEXT_COLLECTED"
"github-from-package","0.0.0","true","true","1","MIT","1","SHIPPED_NOTICE_TEXT_COLLECTED"
"glob","10.4.5","true","true","1","ISC","1","SHIPPED_NOTICE_TEXT_COLLECTED"
"glob","10.5.0","true","true","1","ISC","1","SHIPPED_NOTICE_TEXT_COLLECTED"
"glob","7.2.3","true","false","0","ISC","0","NOT_SHIPPED"
"gopd","1.2.0","true","true","1","MIT","1","SHIPPED_NOTICE_TEXT_COLLECTED"
"graceful-fs","4.2.11","true","true","1","ISC","1","SHIPPED_NOTICE_TEXT_COLLECTED"
"has-flag","4.0.0","true","true","1","MIT","1","SHIPPED_NOTICE_TEXT_COLLECTED"
"has-property-descriptors","1.0.2","true","true","1","MIT","1","SHIPPED_NOTICE_TEXT_COLLECTED"
"has-symbols","1.1.0","true","true","1","MIT","1","SHIPPED_NOTICE_TEXT_COLLECTED"
"has-tostringtag","1.0.2","true","true","1","MIT","1","SHIPPED_NOTICE_TEXT_COLLECTED"
"has-unicode","2.0.1","true","false","0","ISC","0","NOT_SHIPPED"
"hasown","2.0.2","true","true","1","MIT","1","SHIPPED_NOTICE_TEXT_COLLECTED"
"helmet","8.3.0","true","false","0","MIT","0","NOT_SHIPPED"
"http-errors","2.0.1","true","true","1","MIT","1","SHIPPED_NOTICE_TEXT_COLLECTED"
"http-proxy-agent","7.0.2","true","true","1","MIT","1","SHIPPED_NOTICE_TEXT_COLLECTED"
"https-proxy-agent","5.0.1","true","false","0","MIT","0","NOT_SHIPPED"
"https-proxy-agent","7.0.6","true","true","2","MIT","1","SHIPPED_NOTICE_TEXT_COLLECTED"
"iconv-lite","0.4.24","true","true","1","MIT","1","SHIPPED_NOTICE_TEXT_COLLECTED"
"iconv-lite","0.6.3","true","false","0","MIT","0","NOT_SHIPPED"
"ieee754","1.2.1","true","true","1","BSD-3-Clause","1","SHIPPED_NOTICE_TEXT_COLLECTED"
"import-fresh","3.3.1","true","true","1","MIT","1","SHIPPED_NOTICE_TEXT_COLLECTED"
"inflight","1.0.6","true","false","0","ISC","0","NOT_SHIPPED"
"inherits","2.0.4","true","true","1","ISC","1","SHIPPED_NOTICE_TEXT_COLLECTED"
"ini","1.3.8","true","true","1","ISC","1","SHIPPED_NOTICE_TEXT_COLLECTED"
"ioredis","5.11.1","true","false","0","MIT","0","NOT_SHIPPED"
"ip-address","10.1.0","true","true","1","MIT","1","SHIPPED_NOTICE_TEXT_COLLECTED"
"ipaddr.js","1.9.1","true","true","1","MIT","1","SHIPPED_NOTICE_TEXT_COLLECTED"
"is-arrayish","0.2.1","true","true","1","MIT","1","SHIPPED_NOTICE_TEXT_COLLECTED"
"is-callable","1.2.7","true","true","1","MIT","1","SHIPPED_NOTICE_TEXT_COLLECTED"
"is-fullwidth-code-point","3.0.0","true","true","1","MIT","1","SHIPPED_NOTICE_TEXT_COLLECTED"
"is-stream","2.0.1","true","true","1","MIT","1","SHIPPED_NOTICE_TEXT_COLLECTED"
"is-typed-array","1.1.15","true","true","1","MIT","1","SHIPPED_NOTICE_TEXT_COLLECTED"
"isarray","1.0.0","true","true","2","MIT","0","SHIPPED_NOTICE_TEXT_COLLECTED"
"isarray","2.0.5","true","true","1","MIT","1","SHIPPED_NOTICE_TEXT_COLLECTED"
"isexe","2.0.0","true","true","1","ISC","1","SHIPPED_NOTICE_TEXT_COLLECTED"
"iterare","1.2.1","true","true","1","ISC","1","SHIPPED_NOTICE_TEXT_COLLECTED"
"jackspeak","3.4.3","true","true","1","BlueOak-1.0.0","1","SHIPPED_NOTICE_TEXT_COLLECTED"
"js-tokens","4.0.0","true","true","1","MIT","1","SHIPPED_NOTICE_TEXT_COLLECTED"
"js-yaml","4.1.0","true","false","0","MIT","0","NOT_SHIPPED"
"js-yaml","4.1.1","true","true","1","MIT","1","SHIPPED_NOTICE_TEXT_COLLECTED"
"json-parse-even-better-errors","2.3.1","true","true","1","MIT","1","SHIPPED_NOTICE_TEXT_COLLECTED"
"jsonfile","6.2.0","true","true","1","MIT","1","SHIPPED_NOTICE_TEXT_COLLECTED"
"jsonwebtoken","9.0.2","true","false","0","MIT","0","NOT_SHIPPED"
"jwa","1.4.2","true","false","0","MIT","0","NOT_SHIPPED"
"jws","3.2.3","true","false","0","MIT","0","NOT_SHIPPED"
"lazystream","1.0.1","true","true","1","MIT","1","SHIPPED_NOTICE_TEXT_COLLECTED"
"libphonenumber-js","1.12.40","true","true","1","MIT","2","SHIPPED_NOTICE_TEXT_COLLECTED"
"lines-and-columns","1.2.4","true","true","1","MIT","1","SHIPPED_NOTICE_TEXT_COLLECTED"
"lodash.includes","4.3.0","true","false","0","MIT","0","NOT_SHIPPED"
"lodash.isboolean","3.0.3","true","false","0","MIT","0","NOT_SHIPPED"
"lodash.isinteger","4.0.4","true","false","0","MIT","0","NOT_SHIPPED"
"lodash.isnumber","3.0.3","true","false","0","MIT","0","NOT_SHIPPED"
"lodash.isplainobject","4.0.6","true","false","0","MIT","0","NOT_SHIPPED"
"lodash.isstring","4.0.1","true","false","0","MIT","0","NOT_SHIPPED"
"lodash.once","4.1.1","true","false","0","MIT","0","NOT_SHIPPED"
"lodash","4.17.21","true","true","1","MIT","1","SHIPPED_NOTICE_TEXT_COLLECTED"
"loose-envify","1.4.0","true","false","0","MIT","0","NOT_SHIPPED"
"lru-cache","10.4.3","true","true","1","ISC","1","SHIPPED_NOTICE_TEXT_COLLECTED"
"lru-cache","7.18.3","true","true","1","ISC","1","SHIPPED_NOTICE_TEXT_COLLECTED"
"luxon","3.5.0","true","true","1","MIT","1","SHIPPED_NOTICE_TEXT_COLLECTED"
"make-dir","3.1.0","true","false","0","MIT","0","NOT_SHIPPED"
"make-error","1.3.6","true","false","0","ISC","0","NOT_SHIPPED"
"math-intrinsics","1.1.0","true","true","1","MIT","1","SHIPPED_NOTICE_TEXT_COLLECTED"
"media-typer","0.3.0","true","true","1","MIT","1","SHIPPED_NOTICE_TEXT_COLLECTED"
"merge-descriptors","1.0.3","true","true","1","MIT","1","SHIPPED_NOTICE_TEXT_COLLECTED"
"methods","1.1.2","true","true","1","MIT","1","SHIPPED_NOTICE_TEXT_COLLECTED"
"mime-db","1.52.0","true","true","1","MIT","1","SHIPPED_NOTICE_TEXT_COLLECTED"
"mime-types","2.1.35","true","true","1","MIT","1","SHIPPED_NOTICE_TEXT_COLLECTED"
"mime","1.6.0","true","true","1","MIT","1","SHIPPED_NOTICE_TEXT_COLLECTED"
"mime","3.0.0","true","true","1","MIT","1","SHIPPED_NOTICE_TEXT_COLLECTED"
"mimic-response","3.1.0","true","true","1","MIT","1","SHIPPED_NOTICE_TEXT_COLLECTED"
"minimatch","3.1.5","true","false","0","ISC","0","NOT_SHIPPED"
"minimatch","5.1.9","true","true","1","ISC","1","SHIPPED_NOTICE_TEXT_COLLECTED"
"minimatch","9.0.9","true","true","2","ISC","1","SHIPPED_NOTICE_TEXT_COLLECTED"
"minimist","1.2.8","true","true","1","MIT","1","SHIPPED_NOTICE_TEXT_COLLECTED"
"minipass","3.3.6","true","false","0","ISC","0","NOT_SHIPPED"
"minipass","5.0.0","true","false","0","ISC","0","NOT_SHIPPED"
"minipass","7.1.3","true","true","1","BlueOak-1.0.0","1","SHIPPED_NOTICE_TEXT_COLLECTED"
"minizlib","2.1.2","true","false","0","MIT","0","NOT_SHIPPED"
"mitt","3.0.1","true","true","1","MIT","1","SHIPPED_NOTICE_TEXT_COLLECTED"
"mkdirp-classic","0.5.3","true","true","1","MIT","1","SHIPPED_NOTICE_TEXT_COLLECTED"
"mkdirp","1.0.4","true","false","0","MIT","0","NOT_SHIPPED"
"ms","2.0.0","true","true","1","MIT","1","SHIPPED_NOTICE_TEXT_COLLECTED"
"ms","2.1.3","true","true","11","MIT","1","SHIPPED_NOTICE_TEXT_COLLECTED"
"msgpackr-extract","3.0.4","true","false","0","MIT","0","NOT_SHIPPED"
"msgpackr","2.0.4","true","false","0","MIT","0","NOT_SHIPPED"
"multer","2.3.0","true","true","1","MIT","1","SHIPPED_NOTICE_TEXT_COLLECTED"
"napi-build-utils","2.0.0","true","true","1","MIT","1","SHIPPED_NOTICE_TEXT_COLLECTED"
"negotiator","0.6.3","true","true","1","MIT","1","SHIPPED_NOTICE_TEXT_COLLECTED"
"netmask","2.1.1","true","true","1","MIT","1","SHIPPED_NOTICE_TEXT_COLLECTED"
"node-abi","3.89.0","true","true","1","MIT","1","SHIPPED_NOTICE_TEXT_COLLECTED"
"node-abort-controller","3.1.1","true","false","0","MIT","0","NOT_SHIPPED"
"node-addon-api","5.1.0","true","false","0","MIT","0","NOT_SHIPPED"
"node-fetch","2.7.0","true","true","1","MIT","1","SHIPPED_NOTICE_TEXT_COLLECTED"
"node-gyp-build-optional-packages","5.2.2","true","false","0","MIT","0","NOT_SHIPPED"
"node-int64","0.4.0","true","true","1","MIT","1","SHIPPED_NOTICE_TEXT_COLLECTED"
"node-webpmux","3.2.1","true","true","1","LGPL-3.0-or-later","1","SHIPPED_LEGAL_COPYLEFT_REVIEW"
"nodemailer","6.10.1","true","false","0","MIT-0","0","NOT_SHIPPED"
"nopt","5.0.0","true","false","0","ISC","0","NOT_SHIPPED"
"normalize-path","3.0.0","true","true","1","MIT","1","SHIPPED_NOTICE_TEXT_COLLECTED"
"npmlog","5.0.1","true","false","0","ISC","0","NOT_SHIPPED"
"object-assign","4.1.1","true","true","1","MIT","1","SHIPPED_NOTICE_TEXT_COLLECTED"
"object-inspect","1.13.4","true","true","1","MIT","1","SHIPPED_NOTICE_TEXT_COLLECTED"
"on-finished","2.4.1","true","true","1","MIT","1","SHIPPED_NOTICE_TEXT_COLLECTED"
"once","1.4.0","true","true","1","ISC","1","SHIPPED_NOTICE_TEXT_COLLECTED"
"pac-proxy-agent","7.2.0","true","true","1","MIT","1","SHIPPED_NOTICE_TEXT_COLLECTED"
"pac-resolver","7.0.1","true","true","1","MIT","1","SHIPPED_NOTICE_TEXT_COLLECTED"
"package-json-from-dist","1.0.1","true","true","1","BlueOak-1.0.0","1","SHIPPED_NOTICE_TEXT_COLLECTED"
"parent-module","1.0.1","true","true","1","MIT","1","SHIPPED_NOTICE_TEXT_COLLECTED"
"parse-json","5.2.0","true","true","1","MIT","1","SHIPPED_NOTICE_TEXT_COLLECTED"
"parseurl","1.3.3","true","true","1","MIT","1","SHIPPED_NOTICE_TEXT_COLLECTED"
"path-is-absolute","1.0.1","true","false","0","MIT","0","NOT_SHIPPED"
"path-key","3.1.1","true","true","1","MIT","1","SHIPPED_NOTICE_TEXT_COLLECTED"
"path-scurry","1.11.1","true","true","1","BlueOak-1.0.0","1","SHIPPED_NOTICE_TEXT_COLLECTED"
"path-to-regexp","0.1.13","true","true","1","MIT","1","SHIPPED_NOTICE_TEXT_COLLECTED"
"path-to-regexp","3.3.0","true","true","1","MIT","1","SHIPPED_NOTICE_TEXT_COLLECTED"
"patrol-evidence-web","1.0.0","true","false","0","[missing]","0","NOT_SHIPPED"
"pend","1.2.0","true","true","1","MIT","1","SHIPPED_NOTICE_TEXT_COLLECTED"
"pg-cloudflare","1.3.0","true","true","1","MIT","1","SHIPPED_NOTICE_TEXT_COLLECTED"
"pg-connection-string","2.12.0","true","true","1","MIT","1","SHIPPED_NOTICE_TEXT_COLLECTED"
"pg-int8","1.0.1","true","true","1","ISC","1","SHIPPED_NOTICE_TEXT_COLLECTED"
"pg-pool","3.13.0","true","true","1","MIT","1","SHIPPED_NOTICE_TEXT_COLLECTED"
"pg-protocol","1.13.0","true","true","1","MIT","1","SHIPPED_NOTICE_TEXT_COLLECTED"
"pg-types","2.2.0","true","true","1","MIT","0","SHIPPED_NOTICE_TEXT_COLLECTED"
"pg","8.20.0","true","true","1","MIT","1","SHIPPED_NOTICE_TEXT_COLLECTED"
"pgpass","1.0.5","true","true","1","MIT","0","SHIPPED_NOTICE_TEXT_COLLECTED"
"picocolors","1.1.1","true","true","1","ISC","1","SHIPPED_NOTICE_TEXT_COLLECTED"
"possible-typed-array-names","1.1.0","true","true","1","MIT","1","SHIPPED_NOTICE_TEXT_COLLECTED"
"postgres-array","2.0.0","true","true","1","MIT","1","SHIPPED_NOTICE_TEXT_COLLECTED"
"postgres-bytea","1.0.1","true","true","1","MIT","1","SHIPPED_NOTICE_TEXT_COLLECTED"
"postgres-date","1.0.7","true","true","1","MIT","1","SHIPPED_NOTICE_TEXT_COLLECTED"
"postgres-interval","1.2.0","true","true","1","MIT","1","SHIPPED_NOTICE_TEXT_COLLECTED"
"prebuild-install","7.1.3","true","true","1","MIT","1","SHIPPED_NOTICE_TEXT_COLLECTED"
"prisma","5.22.0","true","false","0","Apache-2.0","0","NOT_SHIPPED"
"process-nextick-args","2.0.1","true","true","1","MIT","1","SHIPPED_NOTICE_TEXT_COLLECTED"
"process","0.11.10","true","true","1","MIT","1","SHIPPED_NOTICE_TEXT_COLLECTED"
"progress","2.0.3","true","true","1","MIT","1","SHIPPED_NOTICE_TEXT_COLLECTED"
"prop-types","15.8.1","true","false","0","MIT","0","NOT_SHIPPED"
"proxy-addr","2.0.7","true","true","1","MIT","1","SHIPPED_NOTICE_TEXT_COLLECTED"
"proxy-agent","6.5.0","true","true","1","MIT","1","SHIPPED_NOTICE_TEXT_COLLECTED"
"proxy-from-env","1.1.0","true","true","1","MIT","1","SHIPPED_NOTICE_TEXT_COLLECTED"
"pump","3.0.4","true","true","1","MIT","1","SHIPPED_NOTICE_TEXT_COLLECTED"
"puppeteer-core","24.38.0","true","true","1","Apache-2.0","0","SHIPPED_NOTICE_TEXT_COLLECTED"
"puppeteer","24.38.0","true","true","1","Apache-2.0","0","SHIPPED_NOTICE_TEXT_COLLECTED"
"qrcode-generator","2.0.4","true","false","0","MIT","0","NOT_SHIPPED"
"qrcode-terminal","0.12.0","true","true","1","Apache 2.0","1","SHIPPED_NOTICE_TEXT_COLLECTED"
"qs","6.14.2","true","true","1","BSD-3-Clause","1","SHIPPED_NOTICE_TEXT_COLLECTED"
"range-parser","1.2.1","true","true","1","MIT","1","SHIPPED_NOTICE_TEXT_COLLECTED"
"raw-body","2.5.3","true","true","1","MIT","1","SHIPPED_NOTICE_TEXT_COLLECTED"
"rc","1.2.8","true","true","1","(BSD-2-Clause OR MIT OR Apache-2.0)","3","SHIPPED_LEGAL_SPECIAL_REVIEW"
"react-dom","18.3.1","true","false","0","MIT","0","NOT_SHIPPED"
"react-is","16.13.1","true","false","0","MIT","0","NOT_SHIPPED"
"react-qr-code","2.2.0","true","false","0","MIT","0","NOT_SHIPPED"
"react-router-dom","6.30.4","true","false","0","MIT","0","NOT_SHIPPED"
"react-router","6.30.4","true","false","0","MIT","0","NOT_SHIPPED"
"react","18.3.1","true","false","0","MIT","0","NOT_SHIPPED"
"readable-stream","2.3.8","true","true","2","MIT","1","SHIPPED_NOTICE_TEXT_COLLECTED"
"readable-stream","3.6.2","true","true","1","MIT","1","SHIPPED_NOTICE_TEXT_COLLECTED"
"readable-stream","4.7.0","true","true","5","MIT","1","SHIPPED_NOTICE_TEXT_COLLECTED"
"readdir-glob","1.1.3","true","true","1","Apache-2.0","1","SHIPPED_NOTICE_TEXT_COLLECTED"
"redis-errors","1.2.0","true","false","0","MIT","0","NOT_SHIPPED"
"redis-parser","3.0.0","true","false","0","MIT","0","NOT_SHIPPED"
"reflect-metadata","0.2.2","true","true","1","Apache-2.0","1","SHIPPED_NOTICE_TEXT_COLLECTED"
"require-directory","2.1.1","true","true","1","MIT","1","SHIPPED_NOTICE_TEXT_COLLECTED"
"resolve-from","4.0.0","true","true","1","MIT","1","SHIPPED_NOTICE_TEXT_COLLECTED"
"rimraf","3.0.2","true","false","0","ISC","0","NOT_SHIPPED"
"rxjs","7.8.2","true","true","1","Apache-2.0","1","SHIPPED_NOTICE_TEXT_COLLECTED"
"safe-buffer","5.1.2","true","true","2","MIT","1","SHIPPED_NOTICE_TEXT_COLLECTED"
"safe-buffer","5.2.1","true","true","1","MIT","1","SHIPPED_NOTICE_TEXT_COLLECTED"
"safer-buffer","2.1.2","true","true","1","MIT","1","SHIPPED_NOTICE_TEXT_COLLECTED"
"scheduler","0.23.2","true","false","0","MIT","0","NOT_SHIPPED"
"semver","6.3.1","true","false","0","ISC","0","NOT_SHIPPED"
"semver","7.8.5","true","true","1","ISC","1","SHIPPED_NOTICE_TEXT_COLLECTED"
"send","0.19.2","true","true","1","MIT","1","SHIPPED_NOTICE_TEXT_COLLECTED"
"serve-static","1.16.3","true","true","1","MIT","1","SHIPPED_NOTICE_TEXT_COLLECTED"
"set-blocking","2.0.0","true","false","0","ISC","0","NOT_SHIPPED"
"set-function-length","1.2.2","true","true","1","MIT","1","SHIPPED_NOTICE_TEXT_COLLECTED"
"setprototypeof","1.2.0","true","true","1","ISC","1","SHIPPED_NOTICE_TEXT_COLLECTED"
"sha.js","2.4.12","true","true","1","(MIT AND BSD-3-Clause)","1","SHIPPED_LEGAL_SPECIAL_REVIEW"
"sharp","0.35.4","true","true","1","Apache-2.0","1","SHIPPED_NOTICE_TEXT_COLLECTED"
"shebang-command","2.0.0","true","true","1","MIT","1","SHIPPED_NOTICE_TEXT_COLLECTED"
"shebang-regex","3.0.0","true","true","1","MIT","1","SHIPPED_NOTICE_TEXT_COLLECTED"
"side-channel-list","1.0.0","true","true","1","MIT","1","SHIPPED_NOTICE_TEXT_COLLECTED"
"side-channel-map","1.0.1","true","true","1","MIT","1","SHIPPED_NOTICE_TEXT_COLLECTED"
"side-channel-weakmap","1.0.2","true","true","1","MIT","1","SHIPPED_NOTICE_TEXT_COLLECTED"
"side-channel","1.1.0","true","true","1","MIT","1","SHIPPED_NOTICE_TEXT_COLLECTED"
"signal-exit","3.0.7","true","false","0","ISC","0","NOT_SHIPPED"
"signal-exit","4.1.0","true","true","1","ISC","1","SHIPPED_NOTICE_TEXT_COLLECTED"
"simple-concat","1.0.1","true","true","1","MIT","1","SHIPPED_NOTICE_TEXT_COLLECTED"
"simple-get","4.0.1","true","true","1","MIT","1","SHIPPED_NOTICE_TEXT_COLLECTED"
"smart-buffer","4.2.0","true","true","1","MIT","1","SHIPPED_NOTICE_TEXT_COLLECTED"
"socks-proxy-agent","8.0.5","true","true","1","MIT","1","SHIPPED_NOTICE_TEXT_COLLECTED"
"socks","2.8.7","true","true","1","MIT","1","SHIPPED_NOTICE_TEXT_COLLECTED"
"source-map","0.6.1","true","true","1","BSD-3-Clause","1","SHIPPED_NOTICE_TEXT_COLLECTED"
"split2","4.2.0","true","true","1","ISC","1","SHIPPED_NOTICE_TEXT_COLLECTED"
"sql-highlight","6.1.0","true","true","1","MIT","1","SHIPPED_NOTICE_TEXT_COLLECTED"
"standard-as-callback","2.1.0","true","false","0","MIT","0","NOT_SHIPPED"
"statuses","2.0.2","true","true","1","MIT","1","SHIPPED_NOTICE_TEXT_COLLECTED"
"streamsearch","1.1.0","true","true","1","MIT","1","SHIPPED_NOTICE_TEXT_COLLECTED"
"streamx","2.25.0","true","true","1","MIT","1","SHIPPED_NOTICE_TEXT_COLLECTED"
"string_decoder","1.1.1","true","true","2","MIT","1","SHIPPED_NOTICE_TEXT_COLLECTED"
"string_decoder","1.3.0","true","true","1","MIT","1","SHIPPED_NOTICE_TEXT_COLLECTED"
"string-width","4.2.3","true","true","2","MIT","1","SHIPPED_NOTICE_TEXT_COLLECTED"
"string-width","5.1.2","true","true","1","MIT","1","SHIPPED_NOTICE_TEXT_COLLECTED"
"strip-ansi","6.0.1","true","true","2","MIT","1","SHIPPED_NOTICE_TEXT_COLLECTED"
"strip-ansi","7.2.0","true","true","1","MIT","1","SHIPPED_NOTICE_TEXT_COLLECTED"
"strip-json-comments","2.0.1","true","true","1","MIT","1","SHIPPED_NOTICE_TEXT_COLLECTED"
"stripe","17.7.0","true","false","0","MIT","0","NOT_SHIPPED"
"strtok3","10.3.4","true","true","1","MIT","1","SHIPPED_NOTICE_TEXT_COLLECTED"
"supports-color","7.2.0","true","true","1","MIT","1","SHIPPED_NOTICE_TEXT_COLLECTED"
"swagger-ui-dist","5.17.14","true","false","0","Apache-2.0","0","NOT_SHIPPED"
"tar-fs","2.1.4","true","true","1","MIT","1","SHIPPED_NOTICE_TEXT_COLLECTED"
"tar-fs","3.1.2","true","true","1","MIT","1","SHIPPED_NOTICE_TEXT_COLLECTED"
"tar-stream","2.2.0","true","true","1","MIT","1","SHIPPED_NOTICE_TEXT_COLLECTED"
"tar-stream","3.2.0","true","true","2","MIT","1","SHIPPED_NOTICE_TEXT_COLLECTED"
"tar","6.2.1","true","false","0","ISC","0","NOT_SHIPPED"
"teex","1.0.1","true","true","1","MIT","1","SHIPPED_NOTICE_TEXT_COLLECTED"
"text-decoder","1.2.7","true","true","1","Apache-2.0","1","SHIPPED_NOTICE_TEXT_COLLECTED"
"to-buffer","1.2.2","true","true","1","MIT","1","SHIPPED_NOTICE_TEXT_COLLECTED"
"toidentifier","1.0.1","true","true","1","MIT","1","SHIPPED_NOTICE_TEXT_COLLECTED"
"token-types","6.1.2","true","true","1","MIT","1","SHIPPED_NOTICE_TEXT_COLLECTED"
"tr46","0.0.3","true","true","1","MIT","0","SHIPPED_NOTICE_TEXT_COLLECTED"
"ts-node","10.9.2","true","false","0","MIT","0","NOT_SHIPPED"
"tslib","2.8.1","true","true","1","0BSD","1","SHIPPED_NOTICE_TEXT_COLLECTED"
"tunnel-agent","0.6.0","true","true","1","Apache-2.0","1","SHIPPED_NOTICE_TEXT_COLLECTED"
"type-fest","0.20.2","true","false","0","(MIT OR CC0-1.0)","0","NOT_SHIPPED"
"type-is","1.6.18","true","true","1","MIT","1","SHIPPED_NOTICE_TEXT_COLLECTED"
"typed-array-buffer","1.0.3","true","true","1","MIT","1","SHIPPED_NOTICE_TEXT_COLLECTED"
"typed-query-selector","2.12.2","true","true","1","MIT","1","SHIPPED_NOTICE_TEXT_COLLECTED"
"typedarray","0.0.6","true","true","1","MIT","1","SHIPPED_NOTICE_TEXT_COLLECTED"
"typeorm","0.3.28","true","true","1","MIT","0","SHIPPED_NOTICE_TEXT_COLLECTED"
"typescript","5.9.3","true","false","0","Apache-2.0","0","NOT_SHIPPED"
"uid","2.0.2","true","true","1","MIT","1","SHIPPED_NOTICE_TEXT_COLLECTED"
"uint8array-extras","1.5.0","true","true","1","MIT","1","SHIPPED_NOTICE_TEXT_COLLECTED"
"undici-types","6.21.0","true","true","1","MIT","1","SHIPPED_NOTICE_TEXT_COLLECTED"
"universalify","2.0.1","true","true","1","MIT","1","SHIPPED_NOTICE_TEXT_COLLECTED"
"unpipe","1.0.0","true","true","1","MIT","1","SHIPPED_NOTICE_TEXT_COLLECTED"
"unzipper","0.12.3","true","true","1","MIT","1","SHIPPED_NOTICE_TEXT_COLLECTED"
"util-deprecate","1.0.2","true","true","1","MIT","1","SHIPPED_NOTICE_TEXT_COLLECTED"
"utils-merge","1.0.1","true","true","1","MIT","1","SHIPPED_NOTICE_TEXT_COLLECTED"
"uuid","11.0.3","true","true","1","MIT","1","SHIPPED_NOTICE_TEXT_COLLECTED"
"uuid","11.1.0","true","true","1","MIT","1","SHIPPED_NOTICE_TEXT_COLLECTED"
"uuid","9.0.1","true","true","1","MIT","1","SHIPPED_NOTICE_TEXT_COLLECTED"
"v8-compile-cache-lib","3.0.1","true","false","0","MIT","0","NOT_SHIPPED"
"validator","13.15.26","true","true","1","MIT","1","SHIPPED_NOTICE_TEXT_COLLECTED"
"vary","1.1.2","true","true","1","MIT","1","SHIPPED_NOTICE_TEXT_COLLECTED"
"webdriver-bidi-protocol","0.4.1","true","true","1","Apache-2.0","1","SHIPPED_NOTICE_TEXT_COLLECTED"
"webidl-conversions","3.0.1","true","true","1","BSD-2-Clause","1","SHIPPED_NOTICE_TEXT_COLLECTED"
"whatsapp-web.js","1.34.7","true","true","1","Apache-2.0","1","SHIPPED_NOTICE_TEXT_COLLECTED"
"whatwg-url","5.0.0","true","true","1","MIT","1","SHIPPED_NOTICE_TEXT_COLLECTED"
"which-typed-array","1.1.20","true","true","1","MIT","1","SHIPPED_NOTICE_TEXT_COLLECTED"
"which","1.3.1","true","true","1","ISC","1","SHIPPED_NOTICE_TEXT_COLLECTED"
"which","2.0.2","true","true","1","ISC","1","SHIPPED_NOTICE_TEXT_COLLECTED"
"wide-align","1.1.5","true","false","0","ISC","0","NOT_SHIPPED"
"widest-line","3.1.0","true","false","0","MIT","0","NOT_SHIPPED"
"wrap-ansi","7.0.0","true","true","2","MIT","1","SHIPPED_NOTICE_TEXT_COLLECTED"
"wrap-ansi","8.1.0","true","true","1","MIT","1","SHIPPED_NOTICE_TEXT_COLLECTED"
"wrappy","1.0.2","true","true","1","ISC","1","SHIPPED_NOTICE_TEXT_COLLECTED"
"ws","8.20.1","true","true","1","MIT","1","SHIPPED_NOTICE_TEXT_COLLECTED"
"xtend","4.0.2","true","true","1","MIT","1","SHIPPED_NOTICE_TEXT_COLLECTED"
"y18n","5.0.8","true","true","1","ISC","1","SHIPPED_NOTICE_TEXT_COLLECTED"
"yallist","4.0.0","true","false","0","ISC","0","NOT_SHIPPED"
"yargs-parser","21.1.1","true","true","1","ISC","1","SHIPPED_NOTICE_TEXT_COLLECTED"
"yargs","17.7.2","true","true","1","MIT","1","SHIPPED_NOTICE_TEXT_COLLECTED"
"yauzl","2.10.0","true","true","1","MIT","1","SHIPPED_NOTICE_TEXT_COLLECTED"
"yn","3.1.1","true","false","0","MIT","0","NOT_SHIPPED"
"zip-stream","6.0.1","true","true","1","MIT","1","SHIPPED_NOTICE_TEXT_COLLECTED"
"zod","3.25.76","true","true","1","MIT","1","SHIPPED_NOTICE_TEXT_COLLECTED"
